File,Hash,age,entrophy,exp,fix,la,ld,lt,nd,ndev,ns,nuc,rexp,sexp,Bugs
package/src/delaunay/blas.c,359cae028ae6aa596f97640311324aa2d70ad824,0.0,0.5202337625271423,19.5,0,0,920,0,1,1,1,0,0.0,0,0
package/src/delaunay/tess.c,359cae028ae6aa596f97640311324aa2d70ad824,0.0,0.35755483424079404,19.5,0,0,2176,0,1,1,1,0,0.0,0,0
package/doc/sphinx/source/conf.py,9d515b33180bf7409b92581e3c41f562e585ac0a,398.07392361111204,0.0,22533.0,1,13,3,0,28,8,1,1,228.21129616456085,0,1
package/doc/sphinx/source/conf.py,9d515b33180bf7409b92581e3c41f562e585ac0a,398.07392361111204,0.0,22533.0,1,13,3,0,28,8,1,1,228.21129616456085,0,0
package/MDAnalysis/analysis/hbonds.py,e4ddfea421ac2dc04dcb6afa64f57076042ea368,28.875729166666666,0.0,14.0,0,2,1,4,1,1,1,5,1.0346311601077895,0,0
package/MDAnalysis/analysis/hbonds.py,a4d50aec4ad705e3d43af2388252ce269ee8f0d8,3.5161921296296295,0.0,4487.0,1,1,0,5,1,1,1,6,1.284398566157229,0,1
package/MDAnalysis/analysis/hbonds.py,a4d50aec4ad705e3d43af2388252ce269ee8f0d8,3.5161921296296295,0.0,4487.0,1,1,0,5,1,1,1,6,1.284398566157229,0,0
package/setup.py,58f1ba99b7980ff29b821a9e857db1e65108316d,27.52316550925926,0.5,580.0,1,1,1,1,5,8,3,4,2.9683294660517068,0,1
testsuite/setup.py,58f1ba99b7980ff29b821a9e857db1e65108316d,27.52316550925926,0.5,580.0,1,1,1,111,5,8,3,6,2.9683294660517068,0,1
package/MDAnalysis/core/AtomGroup.py,81160173cc8bae7a46e1b8626e6cd741352afb01,22.26134259259259,0.4836749843245433,6733.5,0,16,0,93,3,7,2,3,1.5423036986479772,0,0
testsuite/MDAnalysisTests/test_atomgroup.py,81160173cc8bae7a46e1b8626e6cd741352afb01,22.26134259259259,0.5131166476570933,6733.5,0,14,0,0,3,7,2,0,1.5423036986479772,0,0
package/MDAnalysis/coordinates/PDB.py,a8a280c5fa90764e4eb5d3515abcf62957ab8d4a,27.913981481481482,0.5062319963227642,19.5,1,11,0,50,2,2,2,3,1.0268682559848212,0,1
testsuite/MDAnalysisTests/test_coordinates.py,a8a280c5fa90764e4eb5d3515abcf62957ab8d4a,27.913981481481482,0.323375106765439,19.5,1,28,3,100,2,2,2,4,1.0268682559848212,0,1
package/MDAnalysis/coordinates/DCD.py,6220bcd291d9d3003372820be53223c123f79600,24.844845679012348,0.36486469306999425,5990.0,1,4,3,16,2,2,2,2,1.3603098847184898,0,1
package/MDAnalysis/coordinates/base.py,6220bcd291d9d3003372820be53223c123f79600,24.844845679012348,0.2632300372448706,5990.0,1,2,2,208,2,2,2,4,1.3603098847184898,0,1
testsuite/MDAnalysisTests/test_coordinates.py,6220bcd291d9d3003372820be53223c123f79600,24.844845679012348,0.2421807853347946,5990.0,1,15,33,125,2,2,2,5,1.3603098847184898,0,1
package/MDAnalysis/coordinates/DCD.py,6220bcd291d9d3003372820be53223c123f79600,24.844845679012348,0.36486469306999425,5990.0,1,4,3,16,2,2,2,2,1.3603098847184898,0,0
package/MDAnalysis/coordinates/base.py,6220bcd291d9d3003372820be53223c123f79600,24.844845679012348,0.2632300372448706,5990.0,1,2,2,208,2,2,2,4,1.3603098847184898,0,0
testsuite/MDAnalysisTests/test_coordinates.py,6220bcd291d9d3003372820be53223c123f79600,24.844845679012348,0.2421807853347946,5990.0,1,15,33,125,2,2,2,5,1.3603098847184898,0,0
package/MDAnalysis/analysis/hbonds.py,88bc68f73f11a263d648fc5a157ac2a27a6eb62b,20.289768518518517,0.22422078724306704,6744.0,0,69,28,6,3,7,2,7,1.5564810596454892,0,1
testsuite/MDAnalysisTests/test_analysis.py,88bc68f73f11a263d648fc5a157ac2a27a6eb62b,20.289768518518517,0.4356301922557337,6744.0,0,10,10,0,3,7,2,0,1.5564810596454892,0,1
package/MDAnalysis/analysis/hbonds.py,c25ea38a8335668c729b95bc79a9832e3239cb98,0.07310185185185185,0.0,9259.0,0,6,2,47,2,7,1,8,43.038632045598476,0,0
package/MDAnalysis/core/log.py,8dcc038578e471383d2e0a05d8c2bbab602a2aaf,0.0,0.0,4631.0,0,1,1,0,1,1,1,0,0.0,0,1
package/MDAnalysis/core/log.py,8dcc038578e471383d2e0a05d8c2bbab602a2aaf,0.0,0.0,4631.0,0,1,1,0,1,1,1,0,0.0,0,0
package/MDAnalysis/analysis/hbonds.py,1a44a237fde424c1804040de3e14f8fcd45cfc99,2.2329166666666667,0.0,9265.0,0,66,30,51,2,7,1,9,3.34353424146296,0,1
package/MDAnalysis/analysis/hbonds.py,4e59491eaa74576ca5c393f85cfa7e7cbeba9d53,5.909756944444444,0.0,19.0,0,24,23,242,1,7,1,16,1.1692116967585384,0,0
package/MDAnalysis/coordinates/GRO.py,178af90c92cfc989ecc3d5b57b20e797599bee95,69.56384837962963,0.5209709595210081,6960.0,1,16,10,10,2,7,1,3,1.5793048099217861,0,1
package/MDAnalysis/coordinates/PDB.py,178af90c92cfc989ecc3d5b57b20e797599bee95,69.56384837962963,0.4688510964425729,6960.0,1,23,10,61,2,7,1,4,1.5793048099217861,0,1
package/MDAnalysis/core/AtomGroup.py,24171ce8b0ce44a19a185e19982380f7c937060e,4.035729166666667,0.0,4645.0,1,1,1,110,1,7,1,5,1.2477866969517073,0,1
package/MDAnalysis/analysis/hbonds.py,2e59a03263b97bd5b223135462abc59fa49314f9,3.578877314814815,0.0,4646.0,0,169,49,358,1,7,1,19,1.2794172339634236,0,0
package/MDAnalysis/analysis/hbonds.py,0f2d36e9e2e208c1a2f669bf0efce46b7fb295f9,0.1587962962962963,0.0,4647.0,0,55,37,478,1,7,1,20,7.297376093294461,0,1
package/MDAnalysis/analysis/hbonds.py,a847635edc3ce8c6eb36659dc35457622442415a,0.010381944444444444,0.0,4648.0,0,12,15,496,1,7,1,21,97.32107023411372,0,0
package/MDAnalysis/analysis/hbonds.py,04bbe28ad4b1f63a3214518919ae1c39ba218723,2.35,0.0,22.0,1,11,19,493,1,7,1,22,1.425531914893617,0,1
package/MDAnalysis/analysis/hbonds.py,d97c7df0c7a91d21452dc9c142395ea93107531f,2.3750115740740743,0.0,23.0,0,8,5,480,1,7,1,24,1.4210505796755375,0,1
package/MDAnalysis/analysis/hbonds.py,98d55e07af48de6eb13223f645656530079134f2,0.05724537037037037,0.0,25.0,1,6,0,484,1,7,1,26,18.468661544682572,0,0
package/MDAnalysis/coordinates/PDB.py,2d2427efbd4af7a34595dd1656d249e423c9f3e4,71.93791087962963,0.3426470898654852,11636.25,1,481,147,74,7,7,2,5,2.531523015383527,0,1
package/MDAnalysis/coordinates/core.py,2d2427efbd4af7a34595dd1656d249e423c9f3e4,71.93791087962963,0.22357513228650452,11636.25,1,37,9,0,7,7,2,0,2.531523015383527,0,1
package/MDAnalysis/coordinates/pdb/extensions.py,2d2427efbd4af7a34595dd1656d249e423c9f3e4,71.93791087962963,0.04933542541496185,11636.25,1,3,3,0,7,7,2,0,2.531523015383527,0,1
testsuite/MDAnalysisTests/test_coordinates.py,2d2427efbd4af7a34595dd1656d249e423c9f3e4,71.93791087962963,0.4820204413029901,11636.25,1,133,61,107,7,7,2,6,2.531523015383527,0,1
testsuite/MDAnalysisTests/datafiles.py,eb213a2c8f79810ad5f13a648c74664f39cd8307,0.0,0.0,18646.0,0,5,0,0,2,1,1,0,0.0,0,0
testsuite/MDAnalysisTests/test_atomgroup.py,557491b30b113fe9821f689b5bff9367d92fc6af,24.05434027777778,0.0,4664.0,1,1,0,35,1,7,1,2,1.0415725390283863,0,1
package/MDAnalysis/coordinates/LAMMPS.py,0bd5b1afc7fe2f42f13e989c48e29bd8a3ffd561,4.724089506172839,0.35947814047153104,7796.666666666667,1,17,4,0,3,8,1,0,1.4977936056919479,0,1
package/MDAnalysis/coordinates/PDB.py,0bd5b1afc7fe2f42f13e989c48e29bd8a3ffd561,4.724089506172839,0.5245580422194253,7796.666666666667,1,39,18,408,3,8,1,6,1.4977936056919479,0,1
package/MDAnalysis/coordinates/TRJ.py,0bd5b1afc7fe2f42f13e989c48e29bd8a3ffd561,4.724089506172839,0.4613456697472024,7796.666666666667,1,77,27,508,3,8,1,2,1.4977936056919479,0,1
testsuite/MDAnalysisTests/datafiles.py,fe7292d8fafb5d63ee8d137ee79b2fe6479187dd,72.79400462962964,0.2689747378361222,9497.0,1,4,0,5,2,1,1,1,1.1070513496298602,0,0
testsuite/MDAnalysisTests/test_topology.py,fe7292d8fafb5d63ee8d137ee79b2fe6479187dd,72.79400462962964,0.09760327471722373,9497.0,1,43,10,20,2,1,1,1,1.1070513496298602,0,0
package/MDAnalysis/topology/PSFParser.py,8a710815ac8554a8e05743ed4742515a1c875dfa,92.48144675925926,0.0,14256.0,1,103,47,0,3,8,1,0,4.168716412122599,0,1
package/MDAnalysis/coordinates/PDB.py,e58958cbaa26298ee1ac76950f16ede8349bd6da,0.9916261574074074,0.05653794149142582,4754.5,1,68,4,429,2,8,1,7,1.7437353196201388,0,1
package/MDAnalysis/core/AtomGroup.py,e58958cbaa26298ee1ac76950f16ede8349bd6da,0.9916261574074074,0.185754247590989,4754.5,1,3,0,118,2,8,1,7,1.7437353196201388,0,1
testsuite/MDAnalysisTests/test_coordinates.py,e81a933636e5031fea790fad0d142d0c15f8c87c,1.040162037037037,0.0,4756.0,1,62,1,296,1,8,1,10,1.9613886725269833,0,0
package/MDAnalysis/coordinates/xdrfile/core.py,d25969ac6bcf2d773345970e876571e88db964f2,109.85422453703704,0.0,4757.0,1,1,1,32,1,2,1,5,1.0091029726368226,0,1
testsuite/MDAnalysisTests/test_atomgroup.py,b92cad39a65a8b34620854383b11618a5ae01262,0.04528935185185185,0.0,4844.0,0,0,7,109,1,8,1,6,23.08024533605929,0,0
package/MDAnalysis/coordinates/PDB.py,963ad0bf1c01ba7c2b98dd3ffb66c11614bc6a64,1.6832214506172842,0.4438934861541573,4852.0,0,7,42,493,2,9,2,8,1.1995788543788903,0,1
package/MDAnalysis/coordinates/base.py,963ad0bf1c01ba7c2b98dd3ffb66c11614bc6a64,1.6832214506172842,0.3701980377720392,4852.0,0,10,0,263,2,9,2,6,1.1995788543788903,0,1
testsuite/MDAnalysisTests/test_coordinates.py,963ad0bf1c01ba7c2b98dd3ffb66c11614bc6a64,1.6832214506172842,0.5144118428890808,4852.0,0,18,5,425,2,9,2,12,1.1995788543788903,0,1
package/MDAnalysis/coordinates/PDB.py,963ad0bf1c01ba7c2b98dd3ffb66c11614bc6a64,1.6832214506172842,0.4438934861541573,4852.0,0,7,42,493,2,9,2,8,1.1995788543788903,0,0
package/MDAnalysis/coordinates/base.py,963ad0bf1c01ba7c2b98dd3ffb66c11614bc6a64,1.6832214506172842,0.3701980377720392,4852.0,0,10,0,263,2,9,2,6,1.1995788543788903,0,0
testsuite/MDAnalysisTests/test_coordinates.py,963ad0bf1c01ba7c2b98dd3ffb66c11614bc6a64,1.6832214506172842,0.5144118428890808,4852.0,0,18,5,425,2,9,2,12,1.1995788543788903,0,0
package/MDAnalysis/analysis/hbonds.py,5d67a2b093beb5b68dbe8cb9f4159298d52c7cb3,0.21650462962962963,0.07002026160307633,5465.25,1,1,1,492,3,9,2,28,5.036348347904561,0,1
package/MDAnalysis/coordinates/CRD.py,5d67a2b093beb5b68dbe8cb9f4159298d52c7cb3,0.21650462962962963,0.2542416230481164,5465.25,1,7,5,0,3,9,2,0,5.036348347904561,0,1
package/MDAnalysis/coordinates/GRO.py,5d67a2b093beb5b68dbe8cb9f4159298d52c7cb3,0.21650462962962963,0.32505588370061944,5465.25,1,10,8,24,3,9,2,5,5.036348347904561,0,1
package/MDAnalysis/coordinates/PDB.py,5d67a2b093beb5b68dbe8cb9f4159298d52c7cb3,0.21650462962962963,0.3449161887700828,5465.25,1,11,9,458,3,9,2,9,5.036348347904561,0,1
package/MDAnalysis/coordinates/PDBQT.py,5d67a2b093beb5b68dbe8cb9f4159298d52c7cb3,0.21650462962962963,0.2674005970198133,5465.25,1,8,5,0,3,9,2,0,5.036348347904561,0,1
package/MDAnalysis/coordinates/PQR.py,5d67a2b093beb5b68dbe8cb9f4159298d52c7cb3,0.21650462962962963,0.2542416230481164,5465.25,1,7,5,0,3,9,2,0,5.036348347904561,0,1
package/MDAnalysis/coordinates/base.py,5d67a2b093beb5b68dbe8cb9f4159298d52c7cb3,0.21650462962962963,0.3881067206033305,5465.25,1,4,21,273,3,9,2,7,5.036348347904561,0,1
testsuite/MDAnalysisTests/test_coordinates.py,5d67a2b093beb5b68dbe8cb9f4159298d52c7cb3,0.21650462962962963,0.5170470562499704,5465.25,1,48,37,438,3,9,2,13,5.036348347904561,0,1
package/MDAnalysis/topology/TOPParser.py,bbe4dcf8e52213bac86c9187aa394f380989b182,1.1683217592592592,0.0,81.0,1,62,26,0,2,9,1,0,3.7118571867291443,0,1
package/MDAnalysis/analysis/nuclinfo.py,bfd9d363f758ebffb43eb1879324170e5fcb213e,39.46291280864198,0.17206146383266793,89.0,0,328,61,252,5,10,2,2,2.7495226909126793,0,0
testsuite/MDAnalysisTests/datafiles.py,bfd9d363f758ebffb43eb1879324170e5fcb213e,39.46291280864198,0.07263421306090743,89.0,0,3,2,14,5,10,2,4,2.7495226909126793,0,0
testsuite/MDAnalysisTests/test_nuclinfo.py,bfd9d363f758ebffb43eb1879324170e5fcb213e,39.46291280864198,0.3614886310594598,89.0,0,52,0,0,5,10,2,0,2.7495226909126793,0,0
package/MDAnalysis/analysis/align.py,1bd901d7175954b193c7947dde963f02a53961ab,17.439631944444447,0.4757470413000045,6822.2,1,10,13,0,5,10,2,0,1.9051107311573563,0,1
package/setup.py,1bd901d7175954b193c7947dde963f02a53961ab,17.439631944444447,0.2091579725132743,6822.2,1,1,1,2,5,10,2,6,1.9051107311573563,0,1
testsuite/MDAnalysisTests/datafiles.py,1bd901d7175954b193c7947dde963f02a53961ab,17.439631944444447,0.2719539230041146,6822.2,1,3,0,15,5,10,2,5,1.9051107311573563,0,1
testsuite/MDAnalysisTests/test_analysis.py,1bd901d7175954b193c7947dde963f02a53961ab,17.439631944444447,0.5236764323878497,6822.2,1,12,1,6,5,10,2,2,1.9051107311573563,0,1
testsuite/setup.py,1bd901d7175954b193c7947dde963f02a53961ab,17.439631944444447,0.12838851006616095,6822.2,1,1,0,111,5,10,2,9,1.9051107311573563,0,1
package/MDAnalysis/analysis/nuclinfo.py,91ff4159b55cf4a4235039d9c1eaaccec5f1cfba,0.025324074074074075,0.38409018197903894,48.5,1,17,16,519,2,10,2,3,30.61608775137111,0,1
testsuite/MDAnalysisTests/test_nuclinfo.py,91ff4159b55cf4a4235039d9c1eaaccec5f1cfba,0.025324074074074075,0.5272521939968028,48.5,1,10,6,52,2,10,2,1,30.61608775137111,0,1
package/MDAnalysis/core/AtomGroup.py,4339386da04c659ed96baca58eede776ba54b5ed,5.4002584876543205,0.18864960185791418,6506.0,1,7,2,250,4,10,2,12,1.9195443710580307,0,1
package/MDAnalysis/topology/TOPParser.py,4339386da04c659ed96baca58eede776ba54b5ed,5.4002584876543205,0.489204596348785,6506.0,1,59,56,41,4,10,2,2,1.9195443710580307,0,1
testsuite/MDAnalysisTests/test_selections.py,4339386da04c659ed96baca58eede776ba54b5ed,5.4002584876543205,0.522064238314256,6506.0,1,94,2,0,4,10,2,1,1.9195443710580307,0,1
package/MDAnalysis/core/AtomGroup.py,4339386da04c659ed96baca58eede776ba54b5ed,5.4002584876543205,0.18864960185791418,6506.0,1,7,2,250,4,10,2,12,1.9195443710580307,0,0
package/MDAnalysis/topology/TOPParser.py,4339386da04c659ed96baca58eede776ba54b5ed,5.4002584876543205,0.489204596348785,6506.0,1,59,56,41,4,10,2,2,1.9195443710580307,0,0
testsuite/MDAnalysisTests/test_selections.py,4339386da04c659ed96baca58eede776ba54b5ed,5.4002584876543205,0.522064238314256,6506.0,1,94,2,0,4,10,2,1,1.9195443710580307,0,0
package/MDAnalysis/core/AtomGroup.py,4339386da04c659ed96baca58eede776ba54b5ed,5.4002584876543205,0.18864960185791418,6506.0,1,7,2,250,4,10,2,12,1.9195443710580307,0,1
package/MDAnalysis/topology/TOPParser.py,4339386da04c659ed96baca58eede776ba54b5ed,5.4002584876543205,0.489204596348785,6506.0,1,59,56,41,4,10,2,2,1.9195443710580307,0,1
testsuite/MDAnalysisTests/test_selections.py,4339386da04c659ed96baca58eede776ba54b5ed,5.4002584876543205,0.522064238314256,6506.0,1,94,2,0,4,10,2,1,1.9195443710580307,0,1
package/MDAnalysis/core/AtomGroup.py,4339386da04c659ed96baca58eede776ba54b5ed,5.4002584876543205,0.18864960185791418,6506.0,1,7,2,250,4,10,2,12,1.9195443710580307,0,0
package/MDAnalysis/topology/TOPParser.py,4339386da04c659ed96baca58eede776ba54b5ed,5.4002584876543205,0.489204596348785,6506.0,1,59,56,41,4,10,2,2,1.9195443710580307,0,0
testsuite/MDAnalysisTests/test_selections.py,4339386da04c659ed96baca58eede776ba54b5ed,5.4002584876543205,0.522064238314256,6506.0,1,94,2,0,4,10,2,1,1.9195443710580307,0,0
package/MDAnalysis/core/AtomGroup.py,4339386da04c659ed96baca58eede776ba54b5ed,5.4002584876543205,0.18864960185791418,6506.0,1,7,2,250,4,10,2,12,1.9195443710580307,0,1
package/MDAnalysis/topology/TOPParser.py,4339386da04c659ed96baca58eede776ba54b5ed,5.4002584876543205,0.489204596348785,6506.0,1,59,56,41,4,10,2,2,1.9195443710580307,0,1
testsuite/MDAnalysisTests/test_selections.py,4339386da04c659ed96baca58eede776ba54b5ed,5.4002584876543205,0.522064238314256,6506.0,1,94,2,0,4,10,2,1,1.9195443710580307,0,1
package/MDAnalysis/core/AtomGroup.py,4339386da04c659ed96baca58eede776ba54b5ed,5.4002584876543205,0.18864960185791418,6506.0,1,7,2,250,4,10,2,12,1.9195443710580307,0,0
package/MDAnalysis/topology/TOPParser.py,4339386da04c659ed96baca58eede776ba54b5ed,5.4002584876543205,0.489204596348785,6506.0,1,59,56,41,4,10,2,2,1.9195443710580307,0,0
testsuite/MDAnalysisTests/test_selections.py,4339386da04c659ed96baca58eede776ba54b5ed,5.4002584876543205,0.522064238314256,6506.0,1,94,2,0,4,10,2,1,1.9195443710580307,0,0
package/MDAnalysis/core/AtomGroup.py,4339386da04c659ed96baca58eede776ba54b5ed,5.4002584876543205,0.18864960185791418,6506.0,1,7,2,250,4,10,2,12,1.9195443710580307,0,1
package/MDAnalysis/topology/TOPParser.py,4339386da04c659ed96baca58eede776ba54b5ed,5.4002584876543205,0.489204596348785,6506.0,1,59,56,41,4,10,2,2,1.9195443710580307,0,1
testsuite/MDAnalysisTests/test_selections.py,4339386da04c659ed96baca58eede776ba54b5ed,5.4002584876543205,0.522064238314256,6506.0,1,94,2,0,4,10,2,1,1.9195443710580307,0,1
package/MDAnalysis/core/AtomGroup.py,4339386da04c659ed96baca58eede776ba54b5ed,5.4002584876543205,0.18864960185791418,6506.0,1,7,2,250,4,10,2,12,1.9195443710580307,0,0
package/MDAnalysis/topology/TOPParser.py,4339386da04c659ed96baca58eede776ba54b5ed,5.4002584876543205,0.489204596348785,6506.0,1,59,56,41,4,10,2,2,1.9195443710580307,0,0
testsuite/MDAnalysisTests/test_selections.py,4339386da04c659ed96baca58eede776ba54b5ed,5.4002584876543205,0.522064238314256,6506.0,1,94,2,0,4,10,2,1,1.9195443710580307,0,0
package/MDAnalysis/analysis/hbonds.py,d4610a5cd438945a75dc73d63f2f6df9c20605ec,7.257592592592593,0.0,4882.0,0,1,1,492,1,9,1,29,1.1377867367507846,0,1
package/MDAnalysis/analysis/hbonds.py,d4610a5cd438945a75dc73d63f2f6df9c20605ec,7.257592592592593,0.0,4882.0,0,1,1,492,1,9,1,29,1.1377867367507846,0,0
package/src/pyqcprot/pyqcprot.c,435430e64caf7b9c9d4c5d86baa85f441561edbd,130.40984953703702,0.0,14652.0,1,2969,2343,252,2,10,1,1,3.1361257584657096,0,1
package/src/pyqcprot/pyqcprot.c,435430e64caf7b9c9d4c5d86baa85f441561edbd,130.40984953703702,0.0,14652.0,1,2969,2343,252,2,10,1,1,3.1361257584657096,0,0
package/MDAnalysis/analysis/align.py,6a764636f62467f95de789f9ebd9ead69491a796,10.658287037037038,0.3792218014172603,7330.5,1,40,15,-3,3,10,2,1,2.022399877229793,0,1
testsuite/MDAnalysisTests/test_analysis.py,6a764636f62467f95de789f9ebd9ead69491a796,10.658287037037038,0.526230461769529,7330.5,1,24,2,17,3,10,2,3,2.022399877229793,0,1
package/setup.py,999aca63d3f0302b232122d660a4dade2aa7ce90,1.060625,0.5,777.0,0,1,1,2,4,10,2,8,3.9642506383814577,0,1
testsuite/setup.py,999aca63d3f0302b232122d660a4dade2aa7ce90,1.060625,0.5,777.0,0,1,1,112,4,10,2,11,3.9642506383814577,0,1
package/MDAnalysis/analysis/hole.py,1a38e4b53ee78392f4d1101fe9ef944072b157d7,9.065601851851852,0.0,9809.0,0,88,29,798,2,10,1,3,2.449469764523526,0,0
package/MDAnalysis/analysis/hbonds.py,8ca4bd26ae802aac5ab2c57755bd205e0391bcac,19.9306568287037,0.5284659782142415,7337.25,0,48,18,492,5,10,2,30,1.5391227955391313,0,1
testsuite/MDAnalysisTests/datafiles.py,8ca4bd26ae802aac5ab2c57755bd205e0391bcac,19.9306568287037,0.15352511919910738,7337.25,0,4,1,18,5,10,2,6,1.5391227955391313,0,1
testsuite/MDAnalysisTests/test_analysis.py,8ca4bd26ae802aac5ab2c57755bd205e0391bcac,19.9306568287037,0.5299130088770762,7337.25,0,31,26,39,5,10,2,4,1.5391227955391313,0,1
testsuite/scripts/modeller_make_A6PA6_alpha.py,8ca4bd26ae802aac5ab2c57755bd205e0391bcac,19.9306568287037,0.48021080557516926,7337.25,0,36,0,0,5,10,2,0,1.5391227955391313,0,1
package/MDAnalysis/coordinates/GRO.py,b5f1f843627044fd635370a700fbfe636d0696ba,57.156961805555554,0.5199666673076944,1.5,1,5,3,26,3,9,2,6,1.010975887764528,0,1
testsuite/MDAnalysisTests/test_velocities.py,b5f1f843627044fd635370a700fbfe636d0696ba,57.156961805555554,0.4711093925305278,1.5,1,5,5,46,3,9,2,1,1.010975887764528,0,1
package/MDAnalysis/coordinates/PDB.py,daafe4c95080a1777489f2221fb32943c396fd11,17.637430555555557,0.0,4895.0,0,18,6,464,1,10,1,11,1.0566976009827584,0,0
testsuite/MDAnalysisTests/test_velocities.py,b523653315d657bd4b55b451d0b7f657a199412b,2.7108101851851854,0.0,4896.0,1,22,14,46,1,9,1,2,1.3688934051764625,0,1
package/MDAnalysis/coordinates/base.py,b91013f7b740eb1f1fae7c5b17fb10220523b6a8,68.35507233796297,0.35684743224343823,2.5,0,11,3,256,3,11,3,8,1.0074067725634954,0,1
package/MDAnalysis/coordinates/core.py,b91013f7b740eb1f1fae7c5b17fb10220523b6a8,68.35507233796297,0.3701980377720392,2.5,0,12,3,38,3,11,3,2,1.0074067725634954,0,1
testsuite/MDAnalysisTests/datafiles.py,b91013f7b740eb1f1fae7c5b17fb10220523b6a8,68.35507233796297,0.1306720001126362,2.5,0,3,0,24,3,11,3,8,1.0074067725634954,0,1
testsuite/MDAnalysisTests/test_Issue76.py,b91013f7b740eb1f1fae7c5b17fb10220523b6a8,68.35507233796297,0.3216220140470688,2.5,0,91,0,0,3,11,3,0,1.0074067725634954,0,1
testsuite/MDAnalysisTests/test_nuclinfo.py,642a6cebdad2efea1f5166de22f9c92f7817d4d5,57.718090277777776,0.0,5102.0,1,6,5,56,1,10,1,2,1.0173255905589969,0,1
package/MDAnalysis/coordinates/xdrfile/core.py,e15fb06e844ca9a1093e13c09d8611c5d6620a46,82.34317708333333,0.29507835462164966,7663.5,1,2,2,33,3,11,2,7,1.6167375257029273,0,0
testsuite/MDAnalysisTests/test_coordinates.py,e15fb06e844ca9a1093e13c09d8611c5d6620a46,82.34317708333333,0.11282762551732667,7663.5,1,45,0,449,3,11,2,14,1.6167375257029273,0,0
package/MDAnalysis/coordinates/TRJ.py,4a0b2e5f7fc0517c03dc8832cc92e9a7ba430498,34.739178240740735,0.30904414769375144,7668.0,1,3,0,562,3,11,2,5,13.588181500404042,0,1
testsuite/MDAnalysisTests/test_coordinates.py,4a0b2e5f7fc0517c03dc8832cc92e9a7ba430498,34.739178240740735,0.12150771931668798,7668.0,1,27,4,494,3,11,2,15,13.588181500404042,0,1
package/MDAnalysis/core/Selection.py,6f593c09ce3d486d3584c0f2daeb5f13ebafe22f,168.05011574074072,0.0,101.0,0,3,3,0,2,11,1,1,2.0615504210212654,0,0
package/MDAnalysis/coordinates/DCD.py,07a1f30b52c4838eaa1abf71cb6ffebfc08c8a09,111.52641203703703,0.0,193.0,1,7,0,18,1,10,1,4,1.0089664858909646,0,1
package/MDAnalysis/coordinates/DCD.py,07a1f30b52c4838eaa1abf71cb6ffebfc08c8a09,111.52641203703703,0.0,193.0,1,7,0,18,1,10,1,4,1.0089664858909646,0,0
testsuite/MDAnalysisTests/test_coordinates.py,1433d0ac4a1588123040ed4aa31be3e42056b0d4,66.3,0.0,10229.0,1,33,0,517,2,11,2,16,2.0564785433173647,0,1
testsuite/MDAnalysisTests/test_coordinates.py,1433d0ac4a1588123040ed4aa31be3e42056b0d4,66.3,0.0,10229.0,1,33,0,517,2,11,2,16,2.0564785433173647,0,0
package/MDAnalysis/analysis/helanal.py,7cced8939e806de7ed29728c594473756dd2b6d7,92.94068287037037,0.0,5116.0,1,2,0,0,1,11,1,2,1.01075955081366,0,1
package/MDAnalysis/analysis/helanal.py,7cced8939e806de7ed29728c594473756dd2b6d7,92.94068287037037,0.0,5116.0,1,2,0,0,1,11,1,2,1.01075955081366,0,0
package/src/numtools/distances_parallel.c,553b355d48a8794cb31facbfcced2578f0a3adaf,192.94105324074076,0.0,10235.0,0,1599,580,6452,1,11,1,2,2.0146177124254074,0,1
package/src/numtools/distances_parallel.c,553b355d48a8794cb31facbfcced2578f0a3adaf,192.94105324074076,0.0,10235.0,0,1599,580,6452,1,11,1,2,2.0146177124254074,0,0
package/MDAnalysis/core/AtomGroup.py,a1cff5a64dd7df22e5e3303c2d06263051791d91,63.9912962962963,0.0,5119.0,1,4,4,299,1,11,1,15,1.0156271252166817,0,1
testsuite/MDAnalysisTests/test_topology.py,e9af2c46765cdbd11525eaef5c8aba4fb54479dd,165.43902777777777,0.0,6.0,0,14,1,64,1,9,1,3,1.006044522948619,0,1
testsuite/MDAnalysisTests/datafiles.py,60da00bff6baae9fa45d85f7414924cb83f4864f,67.45697916666667,0.43725050004141547,12.0,0,3,2,27,2,12,1,9,1.007615102818039,0,0
testsuite/MDAnalysisTests/test_topology.py,60da00bff6baae9fa45d85f7414924cb83f4864f,67.45697916666667,0.2259463401984132,12.0,0,19,5,77,2,12,1,4,1.007615102818039,0,0
package/MDAnalysis/topology/TPRParser.py,f443cc8044fc09806f0969ebb4d06b60aa23822f,69.02236689814815,0.05114207193780993,16.5,0,2,2,440,2,12,2,2,1.5111530479857533,0,1
package/MDAnalysis/topology/tpr_utils.py,f443cc8044fc09806f0969ebb4d06b60aa23822f,69.02236689814815,0.010323176749092663,16.5,0,553,0,0,2,12,2,0,1.5111530479857533,0,1
testsuite/MDAnalysisTests/test_topology.py,8ff69a194b6462dc4724134c492a9030d9b74cc0,0.16293402777777777,0.5009930356276903,51.0,0,1,34,115,2,13,1,7,4.0687266915290365,0,0
testsuite/MDAnalysisTests/test_tprparser.py,8ff69a194b6462dc4724134c492a9030d9b74cc0,0.16293402777777777,0.3131233156587855,51.0,0,104,0,0,2,13,1,0,4.0687266915290365,0,0
package/MDAnalysis/coordinates/PDB.py,ef59286a296e7d933281bfdad044fe108b8eb0d9,37.2762287808642,0.04400188942130214,30.5,0,0,1,476,4,13,2,12,1.0056197500431197,0,1
package/MDAnalysis/core/AtomGroup.py,ef59286a296e7d933281bfdad044fe108b8eb0d9,37.2762287808642,0.49657965562254613,30.5,0,34,7,299,4,13,2,16,1.0056197500431197,0,1
package/MDAnalysis/topology/PrimitivePDBParser.py,ef59286a296e7d933281bfdad044fe108b8eb0d9,37.2762287808642,0.5139249161040949,30.5,0,67,11,0,4,13,2,0,1.0056197500431197,0,1
package/MDAnalysis/topology/core.py,ef59286a296e7d933281bfdad044fe108b8eb0d9,37.2762287808642,0.28568101285886716,30.5,0,13,0,0,4,13,2,0,1.0056197500431197,0,1
testsuite/MDAnalysisTests/test_coordinates.py,ef59286a296e7d933281bfdad044fe108b8eb0d9,37.2762287808642,0.3452563308574766,30.5,0,11,7,550,4,13,2,17,1.0056197500431197,0,1
testsuite/MDAnalysisTests/test_topology.py,ef59286a296e7d933281bfdad044fe108b8eb0d9,37.2762287808642,0.33441980884513783,30.5,0,16,1,91,4,13,2,5,1.0056197500431197,0,1
package/MDAnalysis/coordinates/PDB.py,fdb8acdb6ff7f4bcbf03c5acef7ea48fc91e41bd,8.545040509259259,0.04400188942130214,5221.5,0,1,0,475,4,13,2,13,1.050133343850556,0,1
package/MDAnalysis/core/AtomGroup.py,fdb8acdb6ff7f4bcbf03c5acef7ea48fc91e41bd,8.545040509259259,0.49657965562254613,5221.5,0,7,34,413,4,13,2,20,1.050133343850556,0,1
package/MDAnalysis/topology/PrimitivePDBParser.py,fdb8acdb6ff7f4bcbf03c5acef7ea48fc91e41bd,8.545040509259259,0.5139249161040949,5221.5,0,11,67,56,4,13,2,1,1.050133343850556,0,1
package/MDAnalysis/topology/core.py,fdb8acdb6ff7f4bcbf03c5acef7ea48fc91e41bd,8.545040509259259,0.28568101285886716,5221.5,0,0,13,13,4,13,2,1,1.050133343850556,0,1
testsuite/MDAnalysisTests/test_coordinates.py,fdb8acdb6ff7f4bcbf03c5acef7ea48fc91e41bd,8.545040509259259,0.3452563308574766,5221.5,0,7,11,554,4,13,2,18,1.050133343850556,0,1
testsuite/MDAnalysisTests/test_topology.py,fdb8acdb6ff7f4bcbf03c5acef7ea48fc91e41bd,8.545040509259259,0.33441980884513783,5221.5,0,1,16,82,4,13,2,8,1.050133343850556,0,1
package/MDAnalysis/coordinates/PDB.py,5a0d89c8755993bddd0dbf3429f2b0e6d819663b,-0.3158719135802469,0.04379218601350405,5249.5,0,1,0,476,4,13,2,14,0.07872666129255523,0,0
package/MDAnalysis/core/AtomGroup.py,5a0d89c8755993bddd0dbf3429f2b0e6d819663b,-0.3158719135802469,0.49571848933862805,5249.5,0,7,34,386,4,13,2,21,0.07872666129255523,0,0
package/MDAnalysis/topology/PrimitivePDBParser.py,5a0d89c8755993bddd0dbf3429f2b0e6d819663b,-0.3158719135802469,0.5148356388092012,5249.5,0,11,67,0,4,13,2,2,0.07872666129255523,0,0
package/MDAnalysis/topology/core.py,5a0d89c8755993bddd0dbf3429f2b0e6d819663b,-0.3158719135802469,0.28464920908777636,5249.5,0,0,13,0,4,13,2,2,0.07872666129255523,0,0
testsuite/MDAnalysisTests/test_coordinates.py,5a0d89c8755993bddd0dbf3429f2b0e6d819663b,-0.3158719135802469,0.3441253244208148,5249.5,0,7,11,550,4,13,2,19,0.07872666129255523,0,0
testsuite/MDAnalysisTests/test_topology.py,5a0d89c8755993bddd0dbf3429f2b0e6d819663b,-0.3158719135802469,0.3441253244208148,5249.5,0,1,17,78,4,13,2,10,0.07872666129255523,0,0
package/MDAnalysis/topology/PSFParser.py,1c85077ff7cff75cb7e07b888b446c185574b2f3,67.3608487654321,0.5112188503407658,8711.666666666666,1,3,3,56,4,13,2,1,1.8487330884943294,0,1
testsuite/MDAnalysisTests/datafiles.py,1c85077ff7cff75cb7e07b888b446c185574b2f3,67.3608487654321,0.39197306153401923,8711.666666666666,1,3,0,51,4,13,2,12,1.8487330884943294,0,1
testsuite/MDAnalysisTests/test_topology.py,1c85077ff7cff75cb7e07b888b446c185574b2f3,67.3608487654321,0.4484952139295758,8711.666666666666,1,12,1,67,4,13,2,9,1.8487330884943294,0,1
package/MDAnalysis/coordinates/TRJ.py,50e6f5a36595bbfe05f09804cd5d9dea9dd0fee7,230.3217650462963,0.10403912456403157,10487.0,1,26,11,565,2,13,1,6,2.136326477570778,0,1
package/setup.py,50e6f5a36595bbfe05f09804cd5d9dea9dd0fee7,230.3217650462963,0.28027241956246546,10487.0,1,2,1,19,2,13,1,11,2.136326477570778,0,1
package/MDAnalysis/topology/tpr_utils.py,826fa8a9638197f0275f299a38b9c9be22ea4367,40.088564814814816,0.0,39.0,1,1,1,610,1,13,1,3,1.024944769278207,0,1
package/MDAnalysis/analysis/density.py,3ff668d05dda4388291f5df0328ed5ce8f2f4df7,0.0,0.0,5256.0,0,14,20,0,1,1,1,0,0.0,0,0
package/MDAnalysis/coordinates/DMS.py,bebea4a817b18ea7004703d50ee13559f737d57b,65.25009424603174,0.5061759687664321,55.0,0,149,0,0,5,13,2,0,1.2899387133362932,0,1
package/MDAnalysis/core/AtomGroup.py,bebea4a817b18ea7004703d50ee13559f737d57b,65.25009424603174,0.026912361059837717,55.0,0,1,0,260,5,13,2,24,1.2899387133362932,0,1
package/MDAnalysis/topology/DMSParser.py,bebea4a817b18ea7004703d50ee13559f737d57b,65.25009424603174,0.5101811054199679,55.0,0,83,0,0,5,13,2,0,1.2899387133362932,0,1
package/MDAnalysis/topology/core.py,bebea4a817b18ea7004703d50ee13559f737d57b,65.25009424603174,0.09674538681568105,55.0,0,4,1,-13,5,13,2,3,1.2899387133362932,0,1
testsuite/MDAnalysisTests/datafiles.py,bebea4a817b18ea7004703d50ee13559f737d57b,65.25009424603174,0.06524885027344322,55.0,0,3,0,54,5,13,2,13,1.2899387133362932,0,1
testsuite/MDAnalysisTests/test_coordinates.py,bebea4a817b18ea7004703d50ee13559f737d57b,65.25009424603174,0.3084514601517303,55.0,0,26,1,546,5,13,2,20,1.2899387133362932,0,1
testsuite/MDAnalysisTests/test_topology.py,bebea4a817b18ea7004703d50ee13559f737d57b,65.25009424603174,0.3781466203055677,55.0,0,38,1,62,5,13,2,11,1.2899387133362932,0,1
package/MDAnalysis/topology/DMSParser.py,2bf6e69c624911e638f734934b6264d2a9133b9f,43.43027777777778,0.0,182.0,0,6,7,83,3,13,1,1,4.3480701045971175,0,0
package/MDAnalysis/core/Timeseries.py,8433d134993508125edb9900fdb80fc5c9731385,9.091770833333333,0.0,10523.0,1,0,1,22,2,13,1,2,2.2199791478099473,0,1
package/MDAnalysis/coordinates/DMS.py,c2f5b25774c03ebc001674a09ca3021408867ca4,143.21007523148148,0.5166362125995204,21066.0,0,20,11,298,5,14,1,2,4.1040456447732225,0,0
package/MDAnalysis/topology/DMSParser.py,c2f5b25774c03ebc001674a09ca3021408867ca4,143.21007523148148,0.4777404499704621,21066.0,0,23,14,164,5,14,1,4,4.1040456447732225,0,0
package/MDAnalysis/topology/DMSParser.py,0a621945a248bacfab224b5fc6a8b71e543fc70e,12.064814814814815,0.0,62.0,1,1,1,173,1,14,1,5,1.0828856485034535,0,1
package/MDAnalysis/topology/DMSParser.py,0a621945a248bacfab224b5fc6a8b71e543fc70e,12.064814814814815,0.0,62.0,1,1,1,173,1,14,1,5,1.0828856485034535,0,0
package/MDAnalysis/coordinates/PDB.py,aa87e2b6c692c03c6994ef1ab64b7aa1d287be5b,75.02042824074074,0.0,0.0,1,28,11,477,1,13,1,15,0.0,0,1
package/MDAnalysis/coordinates/PDB.py,aa87e2b6c692c03c6994ef1ab64b7aa1d287be5b,75.02042824074074,0.0,0.0,1,28,11,477,1,13,1,15,0.0,0,0
package/MDAnalysis/analysis/rms.py,de88e958c44b61255be1da6b82dfaebb4b74da2d,66.40800925925926,0.0,1.0,1,4,2,335,1,13,1,4,1.0150584245959846,0,1
package/MDAnalysis/coordinates/base.py,4ae13ac2d28bd6e49c7ce764014bf621ef5615f1,120.31399305555556,0.0,5422.0,0,19,2,294,1,13,1,10,1.0083115851664757,0,0
package/MDAnalysis/analysis/helanal.py,43d0db12f95830f85e6cbe84ff0dbeea6fe5f59b,112.39800925925925,0.0,2.0,1,1,1,2,1,13,1,4,1.0088969547289168,0,1
package/MDAnalysis/topology/tpr/obj.py,cdbcd138e0f2abc47f8721bb32c57ff4869617b9,0.0,0.0,5485.0,0,1,1,0,1,1,1,0,0.0,0,1
package/MDAnalysis/analysis/helanal.py,3198250f79f65965ee10252fd5a205ec543b9578,124.62582754629629,0.07788092907019672,3.0,1,32,2,2,3,14,1,5,1.5061263463400243,0,0
package/doc/sphinx/source/conf.py,3198250f79f65965ee10252fd5a205ec543b9578,124.62582754629629,0.23166250008012848,3.0,1,1,1,12,3,14,1,7,1.5061263463400243,0,0
package/MDAnalysis/analysis/helanal.py,3198250f79f65965ee10252fd5a205ec543b9578,124.62582754629629,0.07788092907019672,3.0,1,32,2,2,3,14,1,5,1.5061263463400243,0,1
package/doc/sphinx/source/conf.py,3198250f79f65965ee10252fd5a205ec543b9578,124.62582754629629,0.23166250008012848,3.0,1,1,1,12,3,14,1,7,1.5061263463400243,0,1
package/MDAnalysis/analysis/helanal.py,3198250f79f65965ee10252fd5a205ec543b9578,124.62582754629629,0.07788092907019672,3.0,1,32,2,2,3,14,1,5,1.5061263463400243,0,0
package/doc/sphinx/source/conf.py,3198250f79f65965ee10252fd5a205ec543b9578,124.62582754629629,0.23166250008012848,3.0,1,1,1,12,3,14,1,7,1.5061263463400243,0,0
package/MDAnalysis/analysis/helanal.py,3198250f79f65965ee10252fd5a205ec543b9578,124.62582754629629,0.07788092907019672,3.0,1,32,2,2,3,14,1,5,1.5061263463400243,0,1
package/doc/sphinx/source/conf.py,3198250f79f65965ee10252fd5a205ec543b9578,124.62582754629629,0.23166250008012848,3.0,1,1,1,12,3,14,1,7,1.5061263463400243,0,1
package/MDAnalysis/coordinates/xdrfile/core.py,de447489597ee5738331e56cadffb146fcc8c17e,277.9424173280423,0.4965566169758058,22.142857142857142,1,48,64,242,3,16,2,12,1.8876248544769294,0,0
package/MDAnalysis/coordinates/xdrfile/libxdrfile.py,de447489597ee5738331e56cadffb146fcc8c17e,277.9424173280423,0.059628325432800076,22.142857142857142,1,2,2,13,3,16,2,3,1.8876248544769294,0,0
package/src/xdrfile/libxdrfile_wrap.c,de447489597ee5738331e56cadffb146fcc8c17e,277.9424173280423,0.477312371699533,22.142857142857142,1,56,43,487,3,16,2,3,1.8876248544769294,0,0
package/src/xdrfile/xdrfile_trr.c,de447489597ee5738331e56cadffb146fcc8c17e,277.9424173280423,0.4685176039721134,22.142857142857142,1,74,20,0,3,16,2,1,1.8876248544769294,0,0
package/src/xdrfile/xdrfile_xtc.c,de447489597ee5738331e56cadffb146fcc8c17e,277.9424173280423,0.5251720735138053,22.142857142857142,1,81,64,51,3,16,2,2,1.8876248544769294,0,0
testsuite/MDAnalysisTests/test_coordinates.py,de447489597ee5738331e56cadffb146fcc8c17e,277.9424173280423,0.019264379833145554,22.142857142857142,1,0,1,672,3,16,2,24,1.8876248544769294,0,0
testsuite/MDAnalysisTests/test_libxdrfile.py,de447489597ee5738331e56cadffb146fcc8c17e,277.9424173280423,0.059628325432800076,22.142857142857142,1,2,2,0,3,16,2,0,1.8876248544769294,0,0
package/MDAnalysis/analysis/hole.py,59560c2ed969699bb8aa307cf1d684a5c6096757,127.02079475308642,0.185754247590989,15.0,0,1,0,1140,4,14,2,11,2.074355437604805,0,1
testsuite/MDAnalysisTests/datafiles.py,59560c2ed969699bb8aa307cf1d684a5c6096757,127.02079475308642,0.291508495181978,15.0,0,2,0,70,4,14,2,17,2.074355437604805,0,1
testsuite/MDAnalysisTests/test_analysis.py,59560c2ed969699bb8aa307cf1d684a5c6096757,127.02079475308642,0.16229362260093616,15.0,0,21,1,44,4,14,2,7,2.074355437604805,0,1
package/MDAnalysis/analysis/hole.py,d524b7e47e5b90abb22eb3a1954ba6003fb52eda,0.3975578703703704,0.17610694452457293,5491.5,0,1,1,1141,2,14,2,12,2.8865178025561153,0,1
testsuite/MDAnalysisTests/test_analysis.py,d524b7e47e5b90abb22eb3a1954ba6003fb52eda,0.3975578703703704,0.05243119942895511,5491.5,0,44,8,64,2,14,2,8,2.8865178025561153,0,1
package/MDAnalysis/coordinates/xdrfile/core.py,6111be98e1dde697373cb20d758fa5e13331c229,1.8932175925925927,0.0,21.0,1,2,2,226,1,16,1,13,1.5282013033856237,0,1
package/MDAnalysis/core/util.py,4800dcf97c0e84dc875ee00e2ced0d283ab6976f,103.73247685185186,0.0,5499.0,0,26,1,58,1,13,1,6,1.0096401824226002,0,0
package/MDAnalysis/coordinates/xdrfile/core.py,ff55b4fd974f79f7456e9d43367bf3bccc4878cb,15.006655092592593,0.0,22.0,0,13,0,226,1,16,1,14,1.0666371015945857,0,0
package/src/xdrfile/libxdrfile_wrap.c,0f427d626d5f13d8b7fdc023433f44cba9036f74,23.887006172839506,0.36323092250003997,32.666666666666664,1,0,2,500,1,16,1,4,1.3720960782008227,0,1
package/src/xdrfile/xdrfile_trr.c,0f427d626d5f13d8b7fdc023433f44cba9036f74,23.887006172839506,0.5271032608440674,32.666666666666664,1,4,3,54,1,16,1,2,1.3720960782008227,0,1
package/src/xdrfile/xdrfile_xtc.c,0f427d626d5f13d8b7fdc023433f44cba9036f74,23.887006172839506,0.5117472194119245,32.666666666666664,1,2,6,68,1,16,1,3,1.3720960782008227,0,1
testsuite/MDAnalysisTests/datafiles.py,c070e4cc7ea646cdb7755938ee94e5c227a2e859,4.845729166666667,0.23166250008012848,78.0,0,1,0,76,2,16,1,20,1.154775468088308,0,0
testsuite/MDAnalysisTests/test_tprparser.py,c070e4cc7ea646cdb7755938ee94e5c227a2e859,4.845729166666667,0.07788092907019672,78.0,0,12,5,115,2,16,1,3,1.154775468088308,0,0
testsuite/MDAnalysisTests/datafiles.py,4b859d0439d1c37149e9f4ddb2d5bc42fa79eec4,0.007615740740740741,0.2719539230041146,54.5,1,1,0,77,1,16,1,21,99.48024316109422,0,1
testsuite/MDAnalysisTests/test_tprparser.py,4b859d0439d1c37149e9f4ddb2d5bc42fa79eec4,0.007615740740740741,0.09927840363676106,54.5,1,7,6,122,1,16,1,4,99.48024316109422,0,1
testsuite/MDAnalysisTests/datafiles.py,4b859d0439d1c37149e9f4ddb2d5bc42fa79eec4,0.007615740740740741,0.2719539230041146,54.5,1,1,0,77,1,16,1,21,99.48024316109422,0,0
testsuite/MDAnalysisTests/test_tprparser.py,4b859d0439d1c37149e9f4ddb2d5bc42fa79eec4,0.007615740740740741,0.09927840363676106,54.5,1,7,6,122,1,16,1,4,99.48024316109422,0,0
package/MDAnalysis/coordinates/PDB.py,f671817a3a2f11219c28727ce444480f4dd35394,15.150069444444444,0.0,73.0,1,4,1,531,1,16,1,17,1.0660062981009437,0,1
package/MDAnalysis/coordinates/xdrfile/core.py,cc52c5311a010eb2eeb15ad0ba52c2bd3399cc6d,45.330474537037034,0.0,577.0,0,9,1,239,1,16,1,15,1.0220602146836772,0,0
package/MDAnalysis/core/units.py,7271e520ff1f3dd9a13900b80059e112a1a20fa3,522.0702546296296,0.0,17160.0,0,1,1,22,2,13,1,5,3.0100370469919957,0,1
package/setup.py,5a0eb5c3642dfae352b09a22a8cbe19be80425cb,47.48380787037037,0.0,11447.0,0,1,1,21,1,14,1,17,2.0523523670213413,0,0
package/MDAnalysis/analysis/align.py,a5f9288b7e59b86e0231c1511423d25a8f7bea7a,140.44207754629628,0.23900550957375172,8589.0,1,59,21,-24,3,16,2,6,18.69484333879187,0,1
testsuite/MDAnalysisTests/test_analysis.py,a5f9288b7e59b86e0231c1511423d25a8f7bea7a,140.44207754629628,0.44904211396032784,8589.0,1,18,0,103,3,16,2,10,18.69484333879187,0,1
testsuite/MDAnalysisTests/test_atomgroup.py,1ce9fffdfb9bc2e17e54fe84b21032220ba7ca9e,82.60893518518519,0.0,5728.0,0,6,5,111,1,16,1,9,1.0121052280574527,0,0
package/MDAnalysis/core/AtomGroup.py,074d3492a36dfb58b82f378d9036586bd51229fa,2.580642361111111,0.4706432629216813,8602.5,1,58,21,831,3,16,2,28,2.0328130781391907,0,1
testsuite/MDAnalysisTests/test_atomgroup.py,074d3492a36dfb58b82f378d9036586bd51229fa,2.580642361111111,0.5201791080866213,8602.5,1,60,3,311,3,16,2,11,2.0328130781391907,0,1
package/MDAnalysis/core/AtomGroup.py,074d3492a36dfb58b82f378d9036586bd51229fa,2.580642361111111,0.4706432629216813,8602.5,1,58,21,831,3,16,2,28,2.0328130781391907,0,0
testsuite/MDAnalysisTests/test_atomgroup.py,074d3492a36dfb58b82f378d9036586bd51229fa,2.580642361111111,0.5201791080866213,8602.5,1,60,3,311,3,16,2,11,2.0328130781391907,0,0
package/MDAnalysis/analysis/x3dna.py,028674d8ee3651d11975247225376a1ad3954479,3.9897916666666666,0.0,56.0,1,31,181,726,1,16,1,1,1.250639653281813,0,1
package/MDAnalysis/analysis/x3dna.py,028674d8ee3651d11975247225376a1ad3954479,3.9897916666666666,0.0,56.0,1,31,181,726,1,16,1,1,1.250639653281813,0,0
package/MDAnalysis/analysis/x3dna.py,ad9b79d35bed0bbb94f63f4a1e95bec72b5f84d7,0.006574074074074074,0.0,57.0,1,5,1,576,1,16,1,2,153.11267605633802,0,1
testsuite/MDAnalysisTests/test_coordinates.py,fe3aba244023935842c9b13903363486fd481fb9,0.16020833333333334,0.0,5781.0,0,4,0,789,1,16,1,28,7.24187256176853,0,0
package/MDAnalysis/core/AtomGroup.py,300033863d0be838c855146904e8f8c827a2dd1e,0.19517361111111112,0.0,5782.0,1,5,3,891,1,16,1,31,6.123643479807863,0,1
package/MDAnalysis/core/AtomGroup.py,300033863d0be838c855146904e8f8c827a2dd1e,0.19517361111111112,0.0,5782.0,1,5,3,891,1,16,1,31,6.123643479807863,0,0
package/MDAnalysis/core/AtomGroup.py,300033863d0be838c855146904e8f8c827a2dd1e,0.19517361111111112,0.0,5782.0,1,5,3,891,1,16,1,31,6.123643479807863,0,1
package/MDAnalysis/core/AtomGroup.py,300033863d0be838c855146904e8f8c827a2dd1e,0.19517361111111112,0.0,5782.0,1,5,3,891,1,16,1,31,6.123643479807863,0,0
package/MDAnalysis/core/AtomGroup.py,300033863d0be838c855146904e8f8c827a2dd1e,0.19517361111111112,0.0,5782.0,1,5,3,891,1,16,1,31,6.123643479807863,0,1
package/MDAnalysis/core/AtomGroup.py,300033863d0be838c855146904e8f8c827a2dd1e,0.19517361111111112,0.0,5782.0,1,5,3,891,1,16,1,31,6.123643479807863,0,0
package/MDAnalysis/core/AtomGroup.py,300033863d0be838c855146904e8f8c827a2dd1e,0.19517361111111112,0.0,5782.0,1,5,3,891,1,16,1,31,6.123643479807863,0,1
testsuite/MDAnalysisTests/test_distances.py,36f4829a7752e1a07a6b83f1700bfa32f0f9ef90,0.0,0.0,1.0,1,15,0,0,2,1,2,0,0.0,0,1
testsuite/MDAnalysisTests/test_distances.py,36f4829a7752e1a07a6b83f1700bfa32f0f9ef90,0.0,0.0,1.0,1,15,0,0,2,1,2,0,0.0,0,0
package/doc/sphinx/source/conf.py,3f7d5300d730328fb826ebe8252cea4954c4f583,251.4312152777778,0.005455657977939662,10494.75,1,1,1,12,4,17,2,10,1.7580629489936783,0,1
package/src/numtools/distances_parallel.c,3f7d5300d730328fb826ebe8252cea4954c4f583,251.4312152777778,0.010718139027685902,10494.75,1,2099,1894,7471,4,17,2,4,1.7580629489936783,0,1
testsuite/MDAnalysisTests/test_distances.py,3f7d5300d730328fb826ebe8252cea4954c4f583,251.4312152777778,0.005455657977939662,10494.75,1,1,1,15,4,17,2,1,1.7580629489936783,0,1
testsuite/MDAnalysisTests/test_parallel.py,3f7d5300d730328fb826ebe8252cea4954c4f583,251.4312152777778,0.047008208778672136,10494.75,1,19,7,72,4,17,2,2,1.7580629489936783,0,1
package/setup.py,22b33e812c4526a7c6bface7c5c83fd85939ce27,3.253171296296296,0.0,5.0,1,63,3,20,1,17,1,21,7.622352989228774,0,1
package/MDAnalysis/analysis/nuclinfo.py,0ff2cf980004de3120d81cae6ca0abf3e2dd0a04,3.5610300925925924,0.0,60.0,1,8,2,577,1,16,1,7,1.280817621305737,0,1
package/MDAnalysis/analysis/hbonds.py,feb07226f516d9f9ba900c7c278d615bf27fb2b1,27.797430555555557,0.0,12025.0,1,24,1,521,2,18,1,32,2.167585163378308,0,1
package/MDAnalysis/analysis/hbonds.py,feb07226f516d9f9ba900c7c278d615bf27fb2b1,27.797430555555557,0.0,12025.0,1,24,1,521,2,18,1,32,2.167585163378308,0,0
package/MDAnalysis/coordinates/xdrfile/core.py,e32e5e61f6e9b3ccf302e16109fe56e4d77d778d,39.387812499999995,0.5163871205878868,6014.5,1,2,2,247,2,19,2,16,1.0138670478742324,0,1
testsuite/MDAnalysisTests/test_coordinates.py,e32e5e61f6e9b3ccf302e16109fe56e4d77d778d,39.387812499999995,0.3467334479787441,6014.5,1,5,5,853,2,19,2,31,1.0138670478742324,0,1
