File,Hash,age,entrophy,exp,fix,la,ld,lt,nd,ndev,ns,nuc,rexp,sexp,Bugs
testsuite/MDAnalysisTests/analysis/test_contacts.py,605118c70765bc85a3a576945a5789579c2c921a,0.04331018518518519,0.0,146.0,1,2,2,164,1,34,1,6,24.089257081774452,0,0
testsuite/MDAnalysisTests/analysis/test_contacts.py,c4df4b5888ebcdb021ca72bbb215cf6edf59a342,0.019398148148148147,0.0,147.0,1,2,2,164,1,34,1,7,52.55131264916468,0,1
package/MDAnalysis/analysis/rms.py,502503a2ab899904fc51a3648b938aee53b6832e,22.39320601851852,0.0,627.0,0,56,42,571,1,34,1,28,1.0446564015520168,0,0
package/MDAnalysis/analysis/rms.py,0b90ebd997de3935430ba9d13d6f2bea2ce0da63,0.013854166666666667,0.0,628.0,0,97,88,585,1,34,1,29,73.18045112781955,0,1
package/MDAnalysis/analysis/rms.py,0b90ebd997de3935430ba9d13d6f2bea2ce0da63,0.013854166666666667,0.0,628.0,0,97,88,585,1,34,1,29,73.18045112781955,0,0
package/MDAnalysis/analysis/rms.py,f6e372ae235fb391e8c686d03aade8a7db236446,0.009189814814814816,0.0,629.0,0,51,31,594,1,34,1,30,109.816120906801,0,1
testsuite/MDAnalysisTests/analysis/test_align.py,16fe0f7b8ffe4bc70ee02a4311bc0885534e8e28,1.6664930555555555,0.0,632.0,1,7,5,189,1,34,1,5,1.600062506511095,0,1
package/MDAnalysis/analysis/contacts.py,3aacb27e4cd35e6926c508a1cb5b31927047d00a,-41.67157407407407,0.0,648.0,0,510,505,489,1,37,1,43,0.9760028263337873,0,0
testsuite/MDAnalysisTests/test_velocities_forces.py,953c06dbf819e9c084d13bbb2094fea73acc154f,178.09380787037037,0.0,2668.0,0,24,0,33,1,32,1,10,1.0056150183544161,0,0
package/MDAnalysis/core/AtomGroup.py,da35a5ce2014d07ce262130a524f2fa3fa25588b,23.947407407407407,0.0,5339.0,1,4,4,-847,2,34,1,181,2.166106568040873,0,1
package/MDAnalysis/analysis/rms.py,e1b4182c23c3424748f78cd70e5fb36cfe318404,25.902858796296297,0.0,635.0,1,3,3,614,1,34,1,31,1.0386057773724569,0,1
testsuite/MDAnalysisTests/datafiles.py,ea126c8e89dc83229297ebfd64d216d47163a20f,65.82362847222223,0.48220555587606945,7.5,0,4,0,249,4,35,1,89,1.7220327820112509,0,0
testsuite/MDAnalysisTests/topology/test_gro.py,ea126c8e89dc83229297ebfd64d216d47163a20f,65.82362847222223,0.28199895063255087,7.5,0,14,0,52,4,35,1,3,1.7220327820112509,0,0
package/setup.py,4e5d502da05106b09ceb6abede062c732d199ad8,121.64208333333333,0.0,813.0,0,72,0,305,3,34,2,114,3.033555279191363,0,1
package/MDAnalysis/topology/GROParser.py,50629b706859b5260f3a421c07f1d04c6c3405a0,54.09481481481482,0.0,2672.0,1,1,1,-11,1,34,1,31,1.0184860601413157,0,1
testsuite/MDAnalysisTests/coordinates/test_mol2.py,de62a9b0cf9a8ada5916b7d18daf464a8ee8150b,21.31866898148148,0.14598101096685656,4021.5,0,21,4,13,3,35,1,4,1.5528670625036498,0,0
testsuite/MDAnalysisTests/datafiles.py,de62a9b0cf9a8ada5916b7d18daf464a8ee8150b,21.31866898148148,0.3452563308574766,4021.5,0,3,0,253,3,35,1,90,1.5528670625036498,0,0
package/MDAnalysis/coordinates/MOL2.py,ac9afb90424735f9acbf30e7e086d0d4accebdd6,63.65247685185185,0.0,2683.0,1,5,2,310,1,34,1,31,1.015710307743836,0,1
package/MDAnalysis/coordinates/MOL2.py,07fc902deff851e6761b4f4ab1a04c6ad0297eb0,0.00730324074074074,0.5068419522516378,2686.5,0,2,3,317,2,35,2,33,103.69413629160064,0,0
testsuite/MDAnalysisTests/coordinates/test_mol2.py,07fc902deff851e6761b4f4ab1a04c6ad0297eb0,0.00730324074074074,0.3246324357580916,2686.5,0,13,1,34,2,35,2,6,103.69413629160064,0,0
testsuite/MDAnalysisTests/coordinates/test_gro.py,e95294506fecb0f6a7eb910882f82bece08b4827,36.86757523148148,0.09598359689761371,4042.5,0,25,2,306,3,35,1,13,1.5213692706469897,0,0
testsuite/MDAnalysisTests/datafiles.py,e95294506fecb0f6a7eb910882f82bece08b4827,36.86757523148148,0.2660676548363843,4042.5,0,2,0,256,3,35,1,91,1.5213692706469897,0,0
package/MDAnalysis/coordinates/GRO.py,06b275b23fa12096e8c95eebeb045ff9d6d5dc81,37.307939814814816,0.10280677073031838,5397.0,1,17,8,84,4,38,2,34,2.6739084321507307,0,1
testsuite/MDAnalysisTests/coordinates/test_gro.py,06b275b23fa12096e8c95eebeb045ff9d6d5dc81,37.307939814814816,0.27813981497507173,5397.0,1,1,1,329,4,38,2,14,2.6739084321507307,0,1
package/MDAnalysis/coordinates/GRO.py,06b275b23fa12096e8c95eebeb045ff9d6d5dc81,37.307939814814816,0.10280677073031838,5397.0,1,17,8,84,4,38,2,34,2.6739084321507307,0,0
testsuite/MDAnalysisTests/coordinates/test_gro.py,06b275b23fa12096e8c95eebeb045ff9d6d5dc81,37.307939814814816,0.27813981497507173,5397.0,1,1,1,329,4,38,2,14,2.6739084321507307,0,0
package/MDAnalysis/analysis/rms.py,cf1e6b6271cc2004d847fd6d62a296a5bcad175f,34.29731481481482,0.0,9747.0,1,1,1,614,1,34,1,32,1.0291568014988757,0,1
package/MDAnalysis/analysis/align.py,3f1f36d5c05f1026078a82a4a856462472c57500,56.699312678062675,0.2668910487609836,2915.769230769231,0,7,7,293,6,37,1,42,1.0859921781762834,0,0
package/MDAnalysis/analysis/contacts.py,3f1f36d5c05f1026078a82a4a856462472c57500,56.699312678062675,0.11204379173765931,2915.769230769231,0,2,2,489,6,37,1,42,1.0859921781762834,0,0
package/MDAnalysis/analysis/density.py,3f1f36d5c05f1026078a82a4a856462472c57500,56.699312678062675,0.24197518705132506,2915.769230769231,0,6,6,14,6,37,1,28,1.0859921781762834,0,0
package/MDAnalysis/analysis/gnm.py,3f1f36d5c05f1026078a82a4a856462472c57500,56.699312678062675,0.11204379173765931,2915.769230769231,0,2,2,116,6,37,1,16,1.0859921781762834,0,0
package/MDAnalysis/analysis/helanal.py,3f1f36d5c05f1026078a82a4a856462472c57500,56.699312678062675,0.11204379173765931,2915.769230769231,0,2,2,37,6,37,1,30,1.0859921781762834,0,0
package/MDAnalysis/analysis/nuclinfo.py,3f1f36d5c05f1026078a82a4a856462472c57500,56.699312678062675,0.21466749444873431,2915.769230769231,0,5,5,685,6,37,1,28,1.0859921781762834,0,0
package/MDAnalysis/analysis/rms.py,3f1f36d5c05f1026078a82a4a856462472c57500,56.699312678062675,0.11204379173765931,2915.769230769231,0,2,2,614,6,37,1,33,1.0859921781762834,0,0
package/MDAnalysis/coordinates/CRD.py,3f1f36d5c05f1026078a82a4a856462472c57500,56.699312678062675,0.06592288596783956,2915.769230769231,0,1,1,-14,6,37,1,21,1.0859921781762834,0,0
package/MDAnalysis/coordinates/PDBQT.py,3f1f36d5c05f1026078a82a4a856462472c57500,56.699312678062675,0.06592288596783956,2915.769230769231,0,1,1,-74,6,37,1,22,1.0859921781762834,0,0
package/MDAnalysis/coordinates/PQR.py,3f1f36d5c05f1026078a82a4a856462472c57500,56.699312678062675,0.06592288596783956,2915.769230769231,0,1,1,75,6,37,1,22,1.0859921781762834,0,0
package/MDAnalysis/core/AtomGroup.py,3f1f36d5c05f1026078a82a4a856462472c57500,56.699312678062675,0.5042407495274571,2915.769230769231,0,62,37,-511,6,37,1,190,1.0859921781762834,0,0
package/MDAnalysis/lib/NeighborSearch.py,3f1f36d5c05f1026078a82a4a856462472c57500,56.699312678062675,0.4581166400578827,2915.769230769231,0,20,19,63,6,37,1,11,1.0859921781762834,0,0
package/MDAnalysis/visualization/streamlines_3D.py,3f1f36d5c05f1026078a82a4a856462472c57500,56.699312678062675,0.15069056382269222,2915.769230769231,0,3,3,425,6,37,1,12,1.0859921781762834,0,0
testsuite/MDAnalysisTests/analysis/test_rms.py,868fa851407e9eb91f0bb5e51449c951f4d5f4a3,60.642349537037035,0.0,645.0,1,11,12,115,1,34,1,4,1.0164901262506205,0,1
testsuite/MDAnalysisTests/analysis/test_align.py,2e1bd189712102bb8f02815f47848b70375633af,48.29842993233618,0.143609027817842,664.5,0,1,2,191,3,39,1,6,1.0028312068057532,0,0
testsuite/MDAnalysisTests/analysis/test_contacts.py,2e1bd189712102bb8f02815f47848b70375633af,48.29842993233618,0.45054803838446417,664.5,0,9,11,337,3,39,1,15,1.0028312068057532,0,0
testsuite/MDAnalysisTests/analysis/test_density.py,2e1bd189712102bb8f02815f47848b70375633af,48.29842993233618,0.23166250008012848,664.5,0,1,5,145,3,39,1,6,1.0028312068057532,0,0
testsuite/MDAnalysisTests/analysis/test_gnm.py,2e1bd189712102bb8f02815f47848b70375633af,48.29842993233618,0.17610694452457293,664.5,0,1,3,136,3,39,1,1,1.0028312068057532,0,0
testsuite/MDAnalysisTests/analysis/test_helanal.py,2e1bd189712102bb8f02815f47848b70375633af,48.29842993233618,0.20522960218870862,664.5,0,1,4,153,3,39,1,7,1.0028312068057532,0,0
testsuite/MDAnalysisTests/analysis/test_hole.py,2e1bd189712102bb8f02815f47848b70375633af,48.29842993233618,0.20522960218870862,664.5,0,1,4,114,3,39,1,3,1.0028312068057532,0,0
testsuite/MDAnalysisTests/analysis/test_psa.py,2e1bd189712102bb8f02815f47848b70375633af,48.29842993233618,0.17610694452457293,664.5,0,1,3,76,3,39,1,8,1.0028312068057532,0,0
testsuite/MDAnalysisTests/analysis/test_rms.py,2e1bd189712102bb8f02815f47848b70375633af,48.29842993233618,0.10657199078080498,664.5,0,1,1,143,3,39,1,6,1.0028312068057532,0,0
testsuite/MDAnalysisTests/coordinates/base.py,2e1bd189712102bb8f02815f47848b70375633af,48.29842993233618,0.10657199078080498,664.5,0,1,1,948,3,39,1,20,1.0028312068057532,0,0
testsuite/MDAnalysisTests/coordinates/test_coordinates.py,2e1bd189712102bb8f02815f47848b70375633af,48.29842993233618,0.143609027817842,664.5,0,1,2,200,3,39,1,11,1.0028312068057532,0,0
testsuite/MDAnalysisTests/coordinates/test_dcd.py,2e1bd189712102bb8f02815f47848b70375633af,48.29842993233618,0.20522960218870862,664.5,0,1,4,570,3,39,1,13,1.0028312068057532,0,0
testsuite/MDAnalysisTests/coordinates/test_gro.py,2e1bd189712102bb8f02815f47848b70375633af,48.29842993233618,0.17610694452457293,664.5,0,2,2,329,3,39,1,15,1.0028312068057532,0,0
testsuite/MDAnalysisTests/coordinates/test_lammps.py,2e1bd189712102bb8f02815f47848b70375633af,48.29842993233618,0.143609027817842,664.5,0,2,1,348,3,39,1,13,1.0028312068057532,0,0
testsuite/MDAnalysisTests/coordinates/test_mol2.py,2e1bd189712102bb8f02815f47848b70375633af,48.29842993233618,0.17610694452457293,664.5,0,2,2,46,3,39,1,7,1.0028312068057532,0,0
testsuite/MDAnalysisTests/coordinates/test_netcdf.py,2e1bd189712102bb8f02815f47848b70375633af,48.29842993233618,0.143609027817842,664.5,0,2,1,359,3,39,1,14,1.0028312068057532,0,0
testsuite/MDAnalysisTests/coordinates/test_pdb.py,2e1bd189712102bb8f02815f47848b70375633af,48.29842993233618,0.20522960218870862,664.5,0,2,3,789,3,39,1,16,1.0028312068057532,0,0
testsuite/MDAnalysisTests/coordinates/test_pdbqt.py,2e1bd189712102bb8f02815f47848b70375633af,48.29842993233618,0.10657199078080498,664.5,0,1,1,-1,3,39,1,2,1.0028312068057532,0,0
testsuite/MDAnalysisTests/coordinates/test_pqr.py,2e1bd189712102bb8f02815f47848b70375633af,48.29842993233618,0.10657199078080498,664.5,0,1,1,105,3,39,1,5,1.0028312068057532,0,0
testsuite/MDAnalysisTests/coordinates/test_trz.py,2e1bd189712102bb8f02815f47848b70375633af,48.29842993233618,0.143609027817842,664.5,0,1,2,258,3,39,1,11,1.0028312068057532,0,0
testsuite/MDAnalysisTests/coordinates/test_xdr.py,2e1bd189712102bb8f02815f47848b70375633af,48.29842993233618,0.10657199078080498,664.5,0,1,1,855,3,39,1,32,1.0028312068057532,0,0
testsuite/MDAnalysisTests/test_altloc.py,2e1bd189712102bb8f02815f47848b70375633af,48.29842993233618,0.10657199078080498,664.5,0,1,1,55,3,39,1,11,1.0028312068057532,0,0
testsuite/MDAnalysisTests/test_atomgroup.py,2e1bd189712102bb8f02815f47848b70375633af,48.29842993233618,0.29874687506009634,664.5,0,4,5,2030,3,39,1,103,1.0028312068057532,0,0
testsuite/MDAnalysisTests/test_log.py,2e1bd189712102bb8f02815f47848b70375633af,48.29842993233618,0.143609027817842,664.5,0,2,1,114,3,39,1,5,1.0028312068057532,0,0
testsuite/MDAnalysisTests/test_modelling.py,2e1bd189712102bb8f02815f47848b70375633af,48.29842993233618,0.143609027817842,664.5,0,1,2,265,3,39,1,25,1.0028312068057532,0,0
testsuite/MDAnalysisTests/test_persistence.py,2e1bd189712102bb8f02815f47848b70375633af,48.29842993233618,0.06254525464966175,664.5,0,0,1,141,3,39,1,21,1.0028312068057532,0,0
testsuite/MDAnalysisTests/test_streamio.py,2e1bd189712102bb8f02815f47848b70375633af,48.29842993233618,0.143609027817842,664.5,0,1,2,403,3,39,1,23,1.0028312068057532,0,0
testsuite/MDAnalysisTests/coordinates/test_gro.py,6131849525aca63ef0f91efce5a822476815676a,0.0023148148148148147,0.0,2728.0,1,1,1,329,1,39,1,17,433.0,0,0
package/MDAnalysis/analysis/hbonds/hbond_analysis.py,d2aff335938eaaf5a2b11388201de68e222c1f00,30.818283179012344,0.5283208335737187,2.0,1,3,3,116,3,37,1,31,1.0116704949749398,0,1
package/MDAnalysis/analysis/nuclinfo.py,d2aff335938eaaf5a2b11388201de68e222c1f00,30.818283179012344,0.5283208335737187,2.0,1,3,3,685,3,37,1,29,1.0116704949749398,0,1
package/MDAnalysis/core/topologyobjects.py,d2aff335938eaaf5a2b11388201de68e222c1f00,30.818283179012344,0.5283208335737187,2.0,1,3,3,882,3,37,1,17,1.0116704949749398,0,1
package/MDAnalysis/coordinates/PDB.py,964a4b48e829863b0a60346e61e049a85d1e6eb5,10.934375000000001,0.4929498399741424,55.333333333333336,1,2,3,280,6,39,2,80,1.4057370701230385,0,1
package/MDAnalysis/coordinates/core.py,964a4b48e829863b0a60346e61e049a85d1e6eb5,10.934375000000001,0.32307784978845333,55.333333333333336,1,0,2,-52,6,39,2,24,1.4057370701230385,0,1
package/MDAnalysis/core/AtomGroup.py,964a4b48e829863b0a60346e61e049a85d1e6eb5,10.934375000000001,0.5304066372490516,55.333333333333336,1,8,0,-492,6,39,2,195,1.4057370701230385,0,1
package/MDAnalysis/topology/PrimitivePDBParser.py,964a4b48e829863b0a60346e61e049a85d1e6eb5,10.934375000000001,0.2091579725132743,55.333333333333336,1,0,1,51,6,39,2,36,1.4057370701230385,0,1
package/MDAnalysis/topology/core.py,964a4b48e829863b0a60346e61e049a85d1e6eb5,10.934375000000001,0.4010507031510864,55.333333333333336,1,0,3,139,6,39,2,71,1.4057370701230385,0,1
testsuite/MDAnalysisTests/coordinates/test_pdb.py,964a4b48e829863b0a60346e61e049a85d1e6eb5,10.934375000000001,0.32307784978845333,55.333333333333336,1,1,1,750,6,39,2,20,1.4057370701230385,0,1
testsuite/MDAnalysisTests/coordinates/test_gro.py,a7def5f1de9b1fb03df66d2f30df288642e74ccb,13.069637345679013,0.5287712379549449,2734.0,1,3,3,329,2,39,1,18,1.3919272683837896,0,1
testsuite/MDAnalysisTests/coordinates/test_pdb.py,a7def5f1de9b1fb03df66d2f30df288642e74ccb,13.069637345679013,0.5085041588289383,2734.0,1,2,2,750,2,39,1,21,1.3919272683837896,0,1
testsuite/MDAnalysisTests/test_velocities_forces.py,a7def5f1de9b1fb03df66d2f30df288642e74ccb,13.069637345679013,0.5283208335737187,2734.0,1,4,1,57,2,39,1,12,1.3919272683837896,0,1
package/MDAnalysis/analysis/hbonds/hbond_analysis.py,2bea8be04ec8e5b3b41e7a7a2c090e99272266af,51.779126157407404,0.4270692374598164,57.5,1,11,7,167,2,39,2,34,1.0652191479546742,0,1
testsuite/MDAnalysisTests/analysis/test_hbonds.py,2bea8be04ec8e5b3b41e7a7a2c090e99272266af,51.779126157407404,0.5304842462549318,57.5,1,7,4,196,2,39,2,2,1.0652191479546742,0,1
package/MDAnalysis/analysis/hbonds/hbond_analysis.py,9142426c908f8c654bbd971a97143c9619b6ea6e,0.024560185185185185,0.0,59.0,0,6,2,171,1,39,1,35,41.71630537229029,0,0
package/MDAnalysis/topology/PDBParser.py,7a77bf115bb4eec942a1b07ab86004c4b7eed9aa,7.314641203703704,0.0,290.0,1,2,2,159,1,40,1,14,1.1367121055088334,0,1
testsuite/MDAnalysisTests/analysis/test_hbonds.py,58687ec61cfcb8873591ba5546c6b700e02f025b,4.005833333333333,0.0,60.0,0,7,3,199,1,39,1,3,1.249635947576451,0,0
testsuite/MDAnalysisTests/analysis/test_hbonds.py,3892406e7c9090ce4238eea8eef32dcf15e1eb7d,0.2670023148148148,0.0,2739.0,1,1,1,203,1,39,1,4,4.745285881485977,0,1
package/MDAnalysis/coordinates/PDB.py,ea70fd4aece67348fa581169f37ea79859b62b71,0.04717592592592593,0.0,2747.0,0,29,22,245,1,40,1,84,22.197252208047104,0,1
package/MDAnalysis/coordinates/DLPoly.py,35a7e7269036db0a4da01ca97607f4790798ad90,113.42810185185185,0.0,5519.0,1,13,19,270,2,40,1,14,2.5386434729459286,0,0
testsuite/MDAnalysisTests/coordinates/test_dlpoly.py,98394615879c4aeb010d2a1b47bf1573378f6cf6,56.321469907407405,0.0,2761.0,1,4,4,0,1,34,1,2,1.0177552184210392,0,1
testsuite/MDAnalysisTests/coordinates/test_dlpoly.py,98394615879c4aeb010d2a1b47bf1573378f6cf6,56.321469907407405,0.0,2761.0,1,4,4,0,1,34,1,2,1.0177552184210392,0,0
package/MDAnalysis/coordinates/DLPoly.py,dc522c4f2f71a1f9ce24353f75b6fe9c8ed14aac,0.032893518518518516,0.0,2762.0,1,1,1,264,1,40,1,15,31.40112596762843,0,1
package/MDAnalysis/analysis/encore/confdistmatrix.py,d776d73a8d8aab1ba0b4383a1ad552f63c8f74c8,0.15160879629629628,0.47324789756707064,1201.5,1,4,4,18,5,44,1,39,3.2408471748115995,0,0
package/MDAnalysis/analysis/encore/similarity.py,d776d73a8d8aab1ba0b4383a1ad552f63c8f74c8,0.15160879629629628,0.22357513228650452,1201.5,1,1,1,489,5,44,1,56,3.2408471748115995,0,0
package/MDAnalysis/analysis/encore/utils.py,d776d73a8d8aab1ba0b4383a1ad552f63c8f74c8,0.15160879629629628,0.5068419522516378,1201.5,1,5,5,68,5,44,1,29,3.2408471748115995,0,0
package/MDAnalysis/analysis/hbonds/hbond_autocorrel.py,d776d73a8d8aab1ba0b4383a1ad552f63c8f74c8,0.15160879629629628,0.22357513228650452,1201.5,1,1,1,536,5,44,1,20,3.2408471748115995,0,0
package/MDAnalysis/analysis/waterdynamics.py,d776d73a8d8aab1ba0b4383a1ad552f63c8f74c8,0.15160879629629628,0.47324789756707064,1201.5,1,4,4,1242,5,44,1,20,3.2408471748115995,0,0
package/MDAnalysis/core/Timeseries.py,d776d73a8d8aab1ba0b4383a1ad552f63c8f74c8,0.15160879629629628,0.22357513228650452,1201.5,1,1,1,113,5,44,1,19,3.2408471748115995,0,0
package/MDAnalysis/lib/distances.py,d776d73a8d8aab1ba0b4383a1ad552f63c8f74c8,0.15160879629629628,0.22357513228650452,1201.5,1,1,1,834,5,44,1,20,3.2408471748115995,0,0
package/MDAnalysis/lib/util.py,d776d73a8d8aab1ba0b4383a1ad552f63c8f74c8,0.15160879629629628,0.34188710667827216,1201.5,1,2,2,1367,5,44,1,46,3.2408471748115995,0,0
package/MDAnalysis/analysis/waterdynamics.py,2aad424cdba06ecfe7511d3376d319575b8f91e8,0.5248688271604939,0.5287712379549449,1207.0,1,2,2,1242,3,44,2,21,2.3318342562688144,0,1
testsuite/MDAnalysisTests/coordinates/test_chainreader.py,2aad424cdba06ecfe7511d3376d319575b8f91e8,0.5248688271604939,0.46438561897747244,1207.0,1,1,1,7,3,44,2,2,2.3318342562688144,0,1
testsuite/MDAnalysisTests/test_distances.py,2aad424cdba06ecfe7511d3376d319575b8f91e8,0.5248688271604939,0.5287712379549449,1207.0,1,2,2,552,3,44,2,34,2.3318342562688144,0,1
package/MDAnalysis/analysis/waterdynamics.py,2aad424cdba06ecfe7511d3376d319575b8f91e8,0.5248688271604939,0.5287712379549449,1207.0,1,2,2,1242,3,44,2,21,2.3318342562688144,0,0
testsuite/MDAnalysisTests/coordinates/test_chainreader.py,2aad424cdba06ecfe7511d3376d319575b8f91e8,0.5248688271604939,0.46438561897747244,1207.0,1,1,1,7,3,44,2,2,2.3318342562688144,0,0
testsuite/MDAnalysisTests/test_distances.py,2aad424cdba06ecfe7511d3376d319575b8f91e8,0.5248688271604939,0.5287712379549449,1207.0,1,2,2,552,3,44,2,34,2.3318342562688144,0,0
testsuite/MDAnalysisTests/coordinates/test_chainreader.py,5bb6a9b9dc3f46c89e119ecb7fede75c8cc378c9,0.5717129629629629,0.5283208335737187,1438.0,1,1,1,7,2,44,1,4,2.068912462547575,0,1
testsuite/MDAnalysisTests/test_datafiles.py,5bb6a9b9dc3f46c89e119ecb7fede75c8cc378c9,0.5717129629629629,0.5283208335737187,1438.0,1,1,1,45,2,44,1,3,2.068912462547575,0,1
testsuite/MDAnalysisTests/test_distances.py,5bb6a9b9dc3f46c89e119ecb7fede75c8cc378c9,0.5717129629629629,0.5283208335737187,1438.0,1,1,1,552,2,44,1,36,2.068912462547575,0,1
package/MDAnalysis/core/_get_readers.py,0faa8a04b2abaa63e24eab93a89ff5445bfeab6f,4.30491512345679,0.28803336015462716,42.0,0,2,2,221,3,44,2,5,1.6145097196794111,0,0
package/MDAnalysis/core/universe.py,0faa8a04b2abaa63e24eab93a89ff5445bfeab6f,4.30491512345679,0.49116772735302106,42.0,0,9,3,1043,3,44,2,76,1.6145097196794111,0,0
testsuite/MDAnalysisTests/core/test_universe.py,0faa8a04b2abaa63e24eab93a89ff5445bfeab6f,4.30491512345679,0.3727447328613435,42.0,0,35,0,528,3,44,2,15,1.6145097196794111,0,0
testsuite/MDAnalysisTests/formats/test_libdcd.py,fdb768578ed13026dbf53504192a2963a77e3826,69.95987268518519,0.0,2447.0,1,41,3,362,2,47,2,7,2.042888768701774,0,0
testsuite/MDAnalysisTests/formats/test_libdcd.py,6c7a691d37dde933a99958dab5b41abaab0ad232,0.09568287037037038,0.0,1225.0,0,6,11,400,1,47,1,8,11.451191484214345,0,1
package/MDAnalysis/analysis/align.py,68e4c17a2dfb47365f77909a3468ca808ec7e022,23.486467764060354,0.21283065911910248,1651.9259259259259,0,14,12,687,8,45,1,89,1.0839126556836371,0,0
package/MDAnalysis/analysis/distances.py,68e4c17a2dfb47365f77909a3468ca808ec7e022,23.486467764060354,0.0530472363571518,1651.9259259259259,0,3,1,-38,8,45,1,32,1.0839126556836371,0,0
package/MDAnalysis/analysis/hbonds/hbond_analysis.py,68e4c17a2dfb47365f77909a3468ca808ec7e022,23.486467764060354,0.23897306368147322,1651.9259259259259,0,19,12,276,8,45,1,50,1.0839126556836371,0,0
package/MDAnalysis/analysis/hole.py,68e4c17a2dfb47365f77909a3468ca808ec7e022,23.486467764060354,0.3904995023538331,1651.9259259259259,0,23,49,1334,8,45,1,39,1.0839126556836371,0,0
package/MDAnalysis/analysis/leaflet.py,68e4c17a2dfb47365f77909a3468ca808ec7e022,23.486467764060354,0.06328340545689687,1651.9259259259259,0,4,1,63,8,45,1,27,1.0839126556836371,0,0
package/MDAnalysis/analysis/legacy/x3dna.py,68e4c17a2dfb47365f77909a3468ca808ec7e022,23.486467764060354,0.09105687872934119,1651.9259259259259,0,6,2,818,8,45,1,6,1.0839126556836371,0,0
package/MDAnalysis/analysis/psa.py,68e4c17a2dfb47365f77909a3468ca808ec7e022,23.486467764060354,0.29740119537972043,1651.9259259259259,0,20,24,2130,8,45,1,48,1.0839126556836371,0,0
package/MDAnalysis/analysis/rms.py,68e4c17a2dfb47365f77909a3468ca808ec7e022,23.486467764060354,0.12339067522060226,1651.9259259259259,0,7,5,668,8,45,1,67,1.0839126556836371,0,0
package/MDAnalysis/coordinates/DCD.py,68e4c17a2dfb47365f77909a3468ca808ec7e022,23.486467764060354,0.2849754655379837,1651.9259259259259,0,24,17,291,8,45,1,64,1.0839126556836371,0,0
package/MDAnalysis/coordinates/PDB.py,68e4c17a2dfb47365f77909a3468ca808ec7e022,23.486467764060354,0.35508178645406063,1651.9259259259259,0,36,24,-23,8,45,1,102,1.0839126556836371,0,0
package/MDAnalysis/coordinates/TRJ.py,68e4c17a2dfb47365f77909a3468ca808ec7e022,23.486467764060354,0.09105687872934119,1651.9259259259259,0,6,2,603,8,45,1,56,1.0839126556836371,0,0
package/MDAnalysis/coordinates/base.py,68e4c17a2dfb47365f77909a3468ca808ec7e022,23.486467764060354,0.16529404852078905,1651.9259259259259,0,13,5,1241,8,45,1,119,1.0839126556836371,0,0
package/MDAnalysis/coordinates/core.py,68e4c17a2dfb47365f77909a3468ca808ec7e022,23.486467764060354,0.16529404852078905,1651.9259259259259,0,8,10,-176,8,45,1,33,1.0839126556836371,0,0
package/MDAnalysis/core/groups.py,68e4c17a2dfb47365f77909a3468ca808ec7e022,23.486467764060354,0.0530472363571518,1651.9259259259259,0,3,1,2862,8,45,1,114,1.0839126556836371,0,0
package/MDAnalysis/core/selection.py,68e4c17a2dfb47365f77909a3468ca808ec7e022,23.486467764060354,0.0530472363571518,1651.9259259259259,0,3,1,214,8,45,1,26,1.0839126556836371,0,0
package/MDAnalysis/lib/log.py,68e4c17a2dfb47365f77909a3468ca808ec7e022,23.486467764060354,0.10776981843259073,1651.9259259259259,0,6,4,448,8,45,1,19,1.0839126556836371,0,0
package/MDAnalysis/lib/mdamath.py,68e4c17a2dfb47365f77909a3468ca808ec7e022,23.486467764060354,0.0530472363571518,1651.9259259259259,0,3,1,451,8,45,1,18,1.0839126556836371,0,0
package/MDAnalysis/lib/util.py,68e4c17a2dfb47365f77909a3468ca808ec7e022,23.486467764060354,0.33846945433967884,1651.9259259259259,0,33,22,1365,8,45,1,49,1.0839126556836371,0,0
package/MDAnalysis/topology/ExtendedPDBParser.py,68e4c17a2dfb47365f77909a3468ca808ec7e022,23.486467764060354,0.13085141978511516,1651.9259259259259,0,8,5,81,8,45,1,16,1.0839126556836371,0,0
package/MDAnalysis/topology/GROParser.py,68e4c17a2dfb47365f77909a3468ca808ec7e022,23.486467764060354,0.06328340545689687,1651.9259259259259,0,4,1,49,8,45,1,43,1.0839126556836371,0,0
package/MDAnalysis/topology/PDBParser.py,68e4c17a2dfb47365f77909a3468ca808ec7e022,23.486467764060354,0.09956431749347724,1651.9259259259259,0,5,4,317,8,45,1,40,1.0839126556836371,0,0
package/MDAnalysis/topology/PDBQTParser.py,68e4c17a2dfb47365f77909a3468ca808ec7e022,23.486467764060354,0.18406440839693802,1651.9259259259259,0,13,8,88,8,45,1,18,1.0839126556836371,0,0
package/MDAnalysis/topology/PQRParser.py,68e4c17a2dfb47365f77909a3468ca808ec7e022,23.486467764060354,0.13810335561693646,1651.9259259259259,0,9,5,78,8,45,1,16,1.0839126556836371,0,0
package/MDAnalysis/topology/TPRParser.py,68e4c17a2dfb47365f77909a3468ca808ec7e022,23.486467764060354,0.06328340545689687,1651.9259259259259,0,4,1,245,8,45,1,44,1.0839126556836371,0,0
package/MDAnalysis/topology/core.py,68e4c17a2dfb47365f77909a3468ca808ec7e022,23.486467764060354,0.11570368230357672,1651.9259259259259,0,6,5,-162,8,45,1,79,1.0839126556836371,0,0
package/MDAnalysis/topology/guessers.py,68e4c17a2dfb47365f77909a3468ca808ec7e022,23.486467764060354,0.2073038649307549,1651.9259259259259,0,17,8,361,8,45,1,12,1.0839126556836371,0,0
package/MDAnalysis/units.py,68e4c17a2dfb47365f77909a3468ca808ec7e022,23.486467764060354,0.06328340545689687,1651.9259259259259,0,4,1,364,8,45,1,8,1.0839126556836371,0,0
package/MDAnalysis/analysis/waterdynamics.py,ce4891115af64a09365a9634128ba10b783222f9,12.315497685185186,0.19540708964410308,67.5,0,44,49,1239,3,45,2,24,1.422980828948742,0,1
testsuite/MDAnalysisTests/analysis/test_waterdynamics.py,ce4891115af64a09365a9634128ba10b783222f9,12.315497685185186,0.4063389834534938,67.5,0,16,0,64,3,45,2,5,1.422980828948742,0,1
package/MDAnalysis/analysis/waterdynamics.py,5c6700b1eaeb56f57566638055277ea1a369a4ef,1.2683854166666666,0.05985863463088659,72.0,0,301,241,1234,3,45,2,25,2.584055352523303,0,0
testsuite/MDAnalysisTests/analysis/test_waterdynamics.py,5c6700b1eaeb56f57566638055277ea1a369a4ef,1.2683854166666666,0.1933439890647658,72.0,0,16,8,80,3,45,2,6,2.584055352523303,0,0
package/MDAnalysis/analysis/hbonds/hbond_analysis.py,d5bc8f5108b75170b8e742c431dd9914509adff5,9.57505787037037,0.4010507031510864,33.0,1,2,0,283,3,45,2,51,2.158518408654401,0,1
testsuite/MDAnalysisTests/analysis/test_hbonds.py,d5bc8f5108b75170b8e742c431dd9914509adff5,9.57505787037037,0.19062207543124116,33.0,1,12,0,227,3,45,2,16,2.158518408654401,0,1
package/MDAnalysis/analysis/hbonds/hbond_analysis.py,d5bc8f5108b75170b8e742c431dd9914509adff5,9.57505787037037,0.4010507031510864,33.0,1,2,0,283,3,45,2,51,2.158518408654401,0,0
testsuite/MDAnalysisTests/analysis/test_hbonds.py,d5bc8f5108b75170b8e742c431dd9914509adff5,9.57505787037037,0.19062207543124116,33.0,1,12,0,227,3,45,2,16,2.158518408654401,0,0
package/MDAnalysis/analysis/encore/confdistmatrix.py,401c36636a5c12d250d2edd08ef44f678fe8ba45,22.276481481481483,0.5283208335737187,286.5,1,4,0,18,3,45,2,41,1.7197709186969268,0,1
testsuite/MDAnalysisTests/analysis/test_encore.py,401c36636a5c12d250d2edd08ef44f678fe8ba45,22.276481481481483,0.38997500048077083,286.5,1,7,1,858,3,45,2,50,1.7197709186969268,0,1
package/MDAnalysis/topology/PQRParser.py,ac27e28b636cfcd429193dd6f49e633bcea012a4,18.97974151234568,0.39741534451898736,6885.0,1,21,4,82,5,45,2,17,2.198281854830436,0,0
testsuite/MDAnalysisTests/datafiles.py,ac27e28b636cfcd429193dd6f49e633bcea012a4,18.97974151234568,0.34188710667827216,6885.0,1,3,1,343,5,45,2,114,2.198281854830436,0,0
testsuite/MDAnalysisTests/topology/test_pqr.py,ac27e28b636cfcd429193dd6f49e633bcea012a4,18.97974151234568,0.49215848968451215,6885.0,1,8,1,53,5,45,2,5,2.198281854830436,0,0
package/MDAnalysis/coordinates/PDB.py,c1e751e2e3d7b455081052df3c5820c47c3ac7bc,12.37863425925926,0.0,3.0,1,19,13,-11,2,45,1,103,2.254542807878142,0,1
package/MDAnalysis/coordinates/PDB.py,c1e751e2e3d7b455081052df3c5820c47c3ac7bc,12.37863425925926,0.0,3.0,1,19,13,-11,2,45,1,103,2.254542807878142,0,0
package/MDAnalysis/lib/mdamath.py,7817f96b1d13884871a4ee49fa654f324fee1168,47.17599537037037,0.0,899.0,1,11,7,466,1,45,1,21,4.904272501304058,0,1
package/MDAnalysis/lib/mdamath.py,7817f96b1d13884871a4ee49fa654f324fee1168,47.17599537037037,0.0,899.0,1,11,7,466,1,45,1,21,4.904272501304058,0,0
package/MDAnalysis/topology/TOPParser.py,ce80e91b525963a6a16b889c6548bdec90b4a030,15.409675925925926,0.4613456697472024,5.0,1,3,1,90,4,46,2,32,2.1397459325175707,0,1
testsuite/MDAnalysisTests/datafiles.py,ce80e91b525963a6a16b889c6548bdec90b4a030,15.409675925925926,0.5238824662870492,5.0,1,3,0,345,4,46,2,115,2.1397459325175707,0,1
package/MDAnalysis/topology/TOPParser.py,ce80e91b525963a6a16b889c6548bdec90b4a030,15.409675925925926,0.4613456697472024,5.0,1,3,1,90,4,46,2,32,2.1397459325175707,0,0
testsuite/MDAnalysisTests/datafiles.py,ce80e91b525963a6a16b889c6548bdec90b4a030,15.409675925925926,0.5238824662870492,5.0,1,3,0,345,4,46,2,115,2.1397459325175707,0,0
package/MDAnalysis/auxiliary/base.py,ecc39197672fb3ef4be36c05fdb1c1a19eb1e133,33.81190215455841,0.017230147084604953,10720.23076923077,1,2,1,934,5,45,1,22,1.0808507717262033,0,1
package/MDAnalysis/coordinates/CRD.py,ecc39197672fb3ef4be36c05fdb1c1a19eb1e133,33.81190215455841,0.09496895686015516,10720.23076923077,1,18,7,23,5,45,1,33,1.0808507717262033,0,1
package/MDAnalysis/coordinates/DCD.py,ecc39197672fb3ef4be36c05fdb1c1a19eb1e133,33.81190215455841,0.1879436676075041,10720.23076923077,1,37,27,343,5,45,1,67,1.0808507717262033,0,1
package/MDAnalysis/coordinates/GMS.py,ecc39197672fb3ef4be36c05fdb1c1a19eb1e133,33.81190215455841,0.08615204666822922,10720.23076923077,1,15,7,260,5,45,1,23,1.0808507717262033,0,1
package/MDAnalysis/coordinates/GRO.py,ecc39197672fb3ef4be36c05fdb1c1a19eb1e133,33.81190215455841,0.19981016890842362,10720.23076923077,1,46,24,168,5,45,1,45,1.0808507717262033,0,1
package/MDAnalysis/coordinates/INPCRD.py,ecc39197672fb3ef4be36c05fdb1c1a19eb1e133,33.81190215455841,0.07059204192041381,10720.23076923077,1,13,4,68,5,45,1,15,1.0808507717262033,0,1
package/MDAnalysis/coordinates/LAMMPS.py,ecc39197672fb3ef4be36c05fdb1c1a19eb1e133,33.81190215455841,0.13224547280711005,10720.23076923077,1,22,17,329,5,45,1,40,1.0808507717262033,0,1
package/MDAnalysis/coordinates/MMTF.py,ecc39197672fb3ef4be36c05fdb1c1a19eb1e133,33.81190215455841,0.0347639136894511,10720.23076923077,1,3,4,101,5,45,1,8,1.0808507717262033,0,1
package/MDAnalysis/coordinates/MOL2.py,ecc39197672fb3ef4be36c05fdb1c1a19eb1e133,33.81190215455841,0.34578103924574816,10720.23076923077,1,101,68,350,5,45,1,40,1.0808507717262033,0,1
package/MDAnalysis/coordinates/PDB.py,ecc39197672fb3ef4be36c05fdb1c1a19eb1e133,33.81190215455841,0.2221637495012101,10720.23076923077,1,37,45,-1,5,45,1,105,1.0808507717262033,0,1
package/MDAnalysis/coordinates/PDBQT.py,ecc39197672fb3ef4be36c05fdb1c1a19eb1e133,33.81190215455841,0.05366311853549547,10720.23076923077,1,6,6,-62,5,45,1,30,1.0808507717262033,0,1
package/MDAnalysis/coordinates/PQR.py,ecc39197672fb3ef4be36c05fdb1c1a19eb1e133,33.81190215455841,0.05366311853549547,10720.23076923077,1,7,5,132,5,45,1,31,1.0808507717262033,0,1
package/MDAnalysis/coordinates/TRJ.py,ecc39197672fb3ef4be36c05fdb1c1a19eb1e133,33.81190215455841,0.2462153106488715,10720.23076923077,1,57,39,608,5,45,1,58,1.0808507717262033,0,1
package/MDAnalysis/coordinates/TRR.py,ecc39197672fb3ef4be36c05fdb1c1a19eb1e133,33.81190215455841,0.08006833897683822,10720.23076923077,1,13,7,66,5,45,1,27,1.0808507717262033,0,1
package/MDAnalysis/coordinates/TRZ.py,ecc39197672fb3ef4be36c05fdb1c1a19eb1e133,33.81190215455841,0.07059204192041381,10720.23076923077,1,10,7,610,5,45,1,53,1.0808507717262033,0,1
package/MDAnalysis/coordinates/XDR.py,ecc39197672fb3ef4be36c05fdb1c1a19eb1e133,33.81190215455841,0.017230147084604953,10720.23076923077,1,2,1,278,5,45,1,30,1.0808507717262033,0,1
package/MDAnalysis/coordinates/XTC.py,ecc39197672fb3ef4be36c05fdb1c1a19eb1e133,33.81190215455841,0.057180687911360294,10720.23076923077,1,9,4,98,5,45,1,25,1.0808507717262033,0,1
package/MDAnalysis/coordinates/XYZ.py,ecc39197672fb3ef4be36c05fdb1c1a19eb1e133,33.81190215455841,0.10345489188431424,10720.23076923077,1,15,13,170,5,45,1,48,1.0808507717262033,0,1
package/MDAnalysis/coordinates/base.py,ecc39197672fb3ef4be36c05fdb1c1a19eb1e133,33.81190215455841,0.45036137014599764,10720.23076923077,1,202,89,1255,5,45,1,122,1.0808507717262033,0,1
package/MDAnalysis/coordinates/chain.py,ecc39197672fb3ef4be36c05fdb1c1a19eb1e133,33.81190215455841,0.042621997193744675,10720.23076923077,1,5,4,387,5,45,1,5,1.0808507717262033,0,1
package/MDAnalysis/coordinates/core.py,ecc39197672fb3ef4be36c05fdb1c1a19eb1e133,33.81190215455841,0.05366311853549547,10720.23076923077,1,7,5,-182,5,45,1,35,1.0808507717262033,0,1
package/MDAnalysis/coordinates/memory.py,ecc39197672fb3ef4be36c05fdb1c1a19eb1e133,33.81190215455841,0.18591700636407726,10720.23076923077,1,40,23,417,5,45,1,21,1.0808507717262033,0,1
package/MDAnalysis/coordinates/null.py,ecc39197672fb3ef4be36c05fdb1c1a19eb1e133,33.81190215455841,0.0347639136894511,10720.23076923077,1,6,1,54,5,45,1,6,1.0808507717262033,0,1
package/MDAnalysis/core/_get_readers.py,ecc39197672fb3ef4be36c05fdb1c1a19eb1e133,33.81190215455841,0.15362259493028446,10720.23076923077,1,33,15,221,5,45,1,6,1.0808507717262033,0,1
package/MDAnalysis/lib/mdamath.py,ecc39197672fb3ef4be36c05fdb1c1a19eb1e133,33.81190215455841,0.13714671899726746,10720.23076923077,1,22,19,470,5,45,1,22,1.0808507717262033,0,1
package/MDAnalysis/lib/util.py,ecc39197672fb3ef4be36c05fdb1c1a19eb1e133,33.81190215455841,0.5033444192852834,10720.23076923077,1,285,118,1409,5,45,1,52,1.0808507717262033,0,1
package/MDAnalysis/auxiliary/base.py,c1db03380a20229818522d446a000e96d8e1e704,1.8531944444444444,0.0,1554.0,0,1,1,935,1,45,1,23,1.5396087836318668,0,0
package/MDAnalysis/topology/LAMMPSParser.py,303574b72d6160855e3b7380c4e2737025b9e786,158.26478395061727,0.32599174571924217,5748.333333333333,1,81,33,398,4,46,2,43,1.6829204551135077,0,1
testsuite/MDAnalysisTests/datafiles.py,303574b72d6160855e3b7380c4e2737025b9e786,158.26478395061727,0.08098225039063532,5748.333333333333,1,2,0,348,4,46,2,116,1.6829204551135077,0,1
testsuite/MDAnalysisTests/topology/test_lammpsdata.py,303574b72d6160855e3b7380c4e2737025b9e786,158.26478395061727,0.5008913888391456,5748.333333333333,1,39,0,146,4,46,2,7,1.6829204551135077,0,1
testsuite/MDAnalysisTests/formats/test_libdcd.py,6d7e8b6b9feec3bfc180d2ad81b872c22a9b13d8,0.009282407407407408,0.0,1239.0,0,5,9,555,1,47,1,14,108.73067331670822,0,0
package/MDAnalysis/analysis/base.py,1c8f87d1eda2dda30407b1bd63eaf08adbd593ed,243.53967592592596,0.5,3113.0,1,1,1,326,4,46,3,25,2.004507298136023,0,1
testsuite/MDAnalysisTests/analysis/test_base.py,1c8f87d1eda2dda30407b1bd63eaf08adbd593ed,243.53967592592596,0.31127812445913283,3113.0,1,6,0,173,4,46,3,10,2.004507298136023,0,1
package/MDAnalysis/analysis/hbonds/hbond_analysis.py,1f9a31fd2676bddb16a884b422cb9cb2af9231d1,17.518923611111113,0.1591466908572886,14956.5,0,456,265,285,3,46,2,52,1.68305001693302,0,1
testsuite/MDAnalysisTests/analysis/test_hbonds.py,1f9a31fd2676bddb16a884b422cb9cb2af9231d1,17.518923611111113,0.3629939506398465,14956.5,0,94,2,239,3,46,2,17,1.68305001693302,0,1
package/MDAnalysis/analysis/hbonds/hbond_analysis.py,1f9a31fd2676bddb16a884b422cb9cb2af9231d1,17.518923611111113,0.1591466908572886,14956.5,0,456,265,285,3,46,2,52,1.68305001693302,0,0
testsuite/MDAnalysisTests/analysis/test_hbonds.py,1f9a31fd2676bddb16a884b422cb9cb2af9231d1,17.518923611111113,0.3629939506398465,14956.5,0,94,2,239,3,46,2,17,1.68305001693302,0,0
package/MDAnalysis/topology/PSFParser.py,f1897587ec38402f0f6147ff4b01264ce3ca9440,33.915856481481484,0.48989165716188005,5179.5,1,4,3,170,3,46,2,43,2.779835559129947,0,1
testsuite/MDAnalysisTests/topology/test_psf.py,f1897587ec38402f0f6147ff4b01264ce3ca9440,33.915856481481484,0.29388529032282096,5179.5,1,23,0,109,3,46,2,7,2.779835559129947,0,1
package/MDAnalysis/analysis/rms.py,dc2dd7e0045994504c991a1b68b62cb4fe420b2a,109.67054398148149,0.5,2343.0,1,1,1,670,3,46,2,68,1.508295969289081,0,1
testsuite/MDAnalysisTests/analysis/test_rms.py,dc2dd7e0045994504c991a1b68b62cb4fe420b2a,109.67054398148149,0.31127812445913283,2343.0,1,2,4,368,3,46,2,27,1.508295969289081,0,1
package/MDAnalysis/coordinates/PDBQT.py,13f219237ac49c1b2e73a4016121741cf19366ad,38.02110725308642,0.5283208335737187,1570.0,0,1,0,-63,1,45,1,32,1.0160742367456783,0,0
package/MDAnalysis/coordinates/PQR.py,13f219237ac49c1b2e73a4016121741cf19366ad,38.02110725308642,0.5283208335737187,1570.0,0,1,0,133,1,45,1,33,1.0160742367456783,0,0
package/MDAnalysis/coordinates/XYZ.py,13f219237ac49c1b2e73a4016121741cf19366ad,38.02110725308642,0.5283208335737187,1570.0,0,1,0,174,1,45,1,50,1.0160742367456783,0,0
package/MDAnalysis/analysis/align.py,0b499e9564e6840a88c0a763821f7cf53a477ca5,30.894201388888888,0.0,1574.0,0,15,15,689,1,45,1,90,1.0323685337391388,0,0
testsuite/MDAnalysisTests/formats/test_libdcd.py,d14ffb5e632872e4fac5a13a5e7b608e001ffd27,1.6908449074074074,0.0,1874.0,1,1,1,551,1,47,1,17,1.591420298585109,0,1
testsuite/MDAnalysisTests/formats/test_libdcd.py,24656c32233cd31fdf33b964594095c723f5eb33,6.1915856481481475,0.0,3751.0,0,47,9,551,2,47,2,18,2.3239711097932014,0,0
testsuite/MDAnalysisTests/formats/test_libdcd.py,e4382e3ef440a0f37a5a3c4705b9ad827244f6e7,0.00625,0.0,1877.0,0,5,5,589,1,47,1,19,161.0,0,1
package/MDAnalysis/coordinates/DCD.py,e2e8e84aed4ed576abe9542167331c09648b8456,-26.962824074074074,0.0,1883.0,0,115,517,297,1,46,1,72,0.9629118968676006,0,0
package/MDAnalysis/coordinates/DCD.py,5fb38787521b5092c4ed07c3c833f889ba4b8a13,0.07296296296296297,0.0,1885.0,0,6,1,-105,1,46,1,73,14.705583756345177,0,0
package/MDAnalysis/analysis/psa.py,2e2ad9f10063e8baf69c6198e7c7901a1cf2c81c,35.16098379629629,0.0,3145.0,1,60,31,2126,2,46,1,49,2.4691714936169844,0,1
package/MDAnalysis/coordinates/DCD.py,473f1c548c144c46e5c407e4474c97604979e955,13.030743055555556,0.37198373083427133,2271.0,0,6,2,-91,4,47,2,75,1.6525784178576852,0,0
testsuite/MDAnalysisTests/coordinates/base.py,473f1c548c144c46e5c407e4474c97604979e955,13.030743055555556,0.3462321574891685,2271.0,0,4,3,1099,4,47,2,41,1.6525784178576852,0,0
testsuite/MDAnalysisTests/coordinates/test_dcd.py,473f1c548c144c46e5c407e4474c97604979e955,13.030743055555556,0.3382401720536678,2271.0,0,42,5,467,4,47,2,34,1.6525784178576852,0,0
testsuite/MDAnalysisTests/data/coordinates/create_data.py,473f1c548c144c46e5c407e4474c97604979e955,13.030743055555556,0.09265181250813007,2271.0,0,1,0,11,4,47,2,4,1.6525784178576852,0,0
testsuite/MDAnalysisTests/datafiles.py,473f1c548c144c46e5c407e4474c97604979e955,13.030743055555556,0.15453439424702936,2271.0,0,2,0,361,4,47,2,122,1.6525784178576852,0,0
package/MDAnalysis/coordinates/DCD.py,71668a9017cf49dfbb76466996e80c1b4be1f90f,0.0038541666666666668,0.0,1896.0,1,9,14,-87,1,47,1,76,260.4594594594595,0,1
package/MDAnalysis/coordinates/DCD.py,e651f598613c8408389b6758db13cb7b6dc0cd2d,1.371087962962963,0.3939780082798746,2866.5,0,47,0,-35,3,47,2,79,13.188018770115773,0,0
testsuite/MDAnalysisTests/coordinates/test_dcd.py,e651f598613c8408389b6758db13cb7b6dc0cd2d,1.371087962962963,0.5289412795887976,2866.5,0,12,12,424,3,47,2,36,13.188018770115773,0,0
package/MDAnalysis/coordinates/DCD.py,2c754d4da83fd850011669c021dc6c9c7e6a578f,2.0432175925925926,0.5112188503407658,1935.5,0,2,1,16,2,47,2,86,1.382498268574472,0,0
testsuite/MDAnalysisTests/coordinates/test_dcd.py,2c754d4da83fd850011669c021dc6c9c7e6a578f,2.0432175925925926,0.33413208628167074,1935.5,0,3,5,424,2,47,2,40,1.382498268574472,0,0
testsuite/MDAnalysisTests/coordinates/test_dcd.py,9b1d607146ad7bb0fb77fe62e345c7c5909d6dbf,0.022604166666666668,0.0,1937.0,1,11,12,422,1,47,1,41,45.23963133640553,0,1
package/MDAnalysis/core/groups.py,eed776181c90646d960eb00a275bffb3ffb36a20,4.663348765432099,0.17386762594635127,5806.666666666667,0,2,2,2865,3,46,2,117,1.82365942857186,0,0
package/MDAnalysis/core/topology.py,eed776181c90646d960eb00a275bffb3ffb36a20,4.663348765432099,0.3785097007321707,5806.666666666667,0,7,7,563,3,46,2,49,1.82365942857186,0,0
testsuite/MDAnalysisTests/core/test_index_dtype.py,eed776181c90646d960eb00a275bffb3ffb36a20,4.663348765432099,0.21561266988203187,5806.666666666667,0,92,0,0,3,46,2,0,1.82365942857186,0,0
package/MDAnalysis/analysis/encore/dimensionality_reduction/src/spe.c,77f5ea460a278a13f3cfe8ba2a5137632fc4c582,366.9637152777778,0.0,660.0,1,4,3,1,3,47,1,1,2.960037560553884,0,1
package/MDAnalysis/analysis/encore/dimensionality_reduction/src/spe.c,77f5ea460a278a13f3cfe8ba2a5137632fc4c582,366.9637152777778,0.0,660.0,1,4,3,1,3,47,1,1,2.960037560553884,0,0
testsuite/MDAnalysisTests/coordinates/test_gro.py,efd9fc5fa40a808da0bf2095581983442b2b32c9,60.05864583333334,0.0,3473.0,1,20,10,453,1,45,1,28,1.0166503920647005,0,1
package/MDAnalysis/coordinates/CRD.py,abd205b8f8d4814d647f3f0062b7f8958cd416bb,29.752008101851857,0.5283208335737187,4348.75,1,3,3,34,2,46,1,34,1.2915689615564532,0,0
package/MDAnalysis/coordinates/GRO.py,abd205b8f8d4814d647f3f0062b7f8958cd416bb,29.752008101851857,0.48220555587606945,4348.75,1,2,2,190,2,46,1,46,1.2915689615564532,0,0
package/MDAnalysis/coordinates/PDB.py,abd205b8f8d4814d647f3f0062b7f8958cd416bb,29.752008101851857,0.48220555587606945,4348.75,1,2,2,-5,2,46,1,108,1.2915689615564532,0,0
package/MDAnalysis/coordinates/PDBQT.py,abd205b8f8d4814d647f3f0062b7f8958cd416bb,29.752008101851857,0.48220555587606945,4348.75,1,2,2,-62,2,46,1,34,1.2915689615564532,0,0
package/MDAnalysis/core/Timeseries.py,bd3b4df241cd31fb47f04f673982ea4701954f5f,-5.263402777777777,0.0,6975.0,0,12,2,200,2,46,1,23,1.4300265195994353,0,1
package/MDAnalysis/coordinates/DCD.py,9f790046ec79a7b7fbdc7f30d189ea970e569dcc,0.1847685185185185,0.0,3885.0,1,1,1,71,2,47,1,89,18.250110163824452,0,1
package/MDAnalysis/coordinates/DCD.py,9f790046ec79a7b7fbdc7f30d189ea970e569dcc,0.1847685185185185,0.0,3885.0,1,1,1,71,2,47,1,89,18.250110163824452,0,0
testsuite/MDAnalysisTests/coordinates/test_dcd.py,19316df2b6759e79f791e84c3d0f0496f2235a87,11.158506944444444,0.0,1944.0,1,4,17,421,1,47,1,42,1.0896177243943803,0,1
testsuite/MDAnalysisTests/formats/test_libdcd.py,3bc9c0296c2eb9504ad07134aafcd7db09620bd6,0.01513888888888889,0.0,1946.0,0,80,18,643,1,47,1,34,67.05504587155963,0,0
package/MDAnalysis/core/groups.py,3de936c8bbdee7b437d915b98a8fd82f3901a080,0.44518904320987646,0.5,16713.333333333332,0,19,7,2898,3,46,2,121,3.2828088314553363,0,0
package/MDAnalysis/core/topologyattrs.py,3de936c8bbdee7b437d915b98a8fd82f3901a080,0.44518904320987646,0.5301967781745115,16713.333333333332,0,40,0,1384,3,46,2,94,3.2828088314553363,0,0
testsuite/MDAnalysisTests/core/test_groups.py,3de936c8bbdee7b437d915b98a8fd82f3901a080,0.44518904320987646,0.5307256132548582,16713.333333333332,0,37,1,988,3,46,2,27,3.2828088314553363,0,0
package/MDAnalysis/coordinates/DCD.py,3e57373d9f683681ca2f30cb37626a740aaa4491,1.876018518518518,0.46039743016465956,2439.3333333333335,1,28,27,355,3,46,1,70,1.609752056407696,0,1
package/MDAnalysis/core/Timeseries.py,3e57373d9f683681ca2f30cb37626a740aaa4491,1.876018518518518,0.46253817456535257,2439.3333333333335,1,10,9,210,3,46,1,25,1.609752056407696,0,1
package/MDAnalysis/core/groups.py,3e57373d9f683681ca2f30cb37626a740aaa4491,1.876018518518518,0.4871008271442177,2439.3333333333335,1,11,11,2910,3,46,1,122,1.609752056407696,0,1
package/MDAnalysis/analysis/hbonds/hbond_autocorrel.py,f2f45f87e51de55e683a108fd632e00f51442c44,1.3600270061728394,0.19104010419671485,1836.0,0,1,0,537,3,46,2,24,1.4452239282748556,0,0
package/MDAnalysis/analysis/psa.py,f2f45f87e51de55e683a108fd632e00f51442c44,1.3600270061728394,0.515868320955102,1836.0,0,6,5,2208,3,46,2,52,1.4452239282748556,0,0
testsuite/MDAnalysisTests/analysis/test_encore.py,f2f45f87e51de55e683a108fd632e00f51442c44,1.3600270061728394,0.5,1836.0,0,6,6,845,3,46,2,53,1.4452239282748556,0,0
testsuite/MDAnalysisTests/core/test_groups.py,e15f1be7391f04f222418ce4d6532a6c422b6b92,1.1158738425925927,0.5283208335737187,10031.5,0,3,0,1024,2,46,1,28,1.6742835454209781,0,1
testsuite/MDAnalysisTests/util.py,e15f1be7391f04f222418ce4d6532a6c422b6b92,1.1158738425925927,0.38997500048077083,10031.5,0,2,4,200,2,46,1,7,1.6742835454209781,0,1
testsuite/MDAnalysisTests/core/test_topology.py,1f36502b2b58cb8dd36d242945c935f42b711c24,71.63690972222223,0.0,0.0,1,2,2,708,1,44,1,18,0.0,0,1
package/MDAnalysis/core/topologyattrs.py,e24da325980732efc04adb6366dafb3162d6e687,3.713576388888889,0.0,1834.0,0,7,7,1424,1,46,1,95,1.2692821946498865,0,0
testsuite/MDAnalysisTests/lib/test_util.py,fba80e2f7237a3218bf646065ba586ec79a2ce66,3.649259259259259,0.0,117.0,0,7,5,90,2,46,2,8,2.8220846442707805,0,1
testsuite/MDAnalysisTests/utils/test_distances.py,18bbfd3df05f61c6c37a6f0412b4b9bf671c83c8,-0.4453568672839506,0.5240329786468645,4.666666666666667,1,78,11,0,2,47,2,0,0.7300629927853554,0,1
testsuite/MDAnalysisTests/utils/test_modelling.py,18bbfd3df05f61c6c37a6f0412b4b9bf671c83c8,-0.4453568672839506,0.43797370096709654,4.666666666666667,1,21,15,0,2,47,2,0,0.7300629927853554,0,1
testsuite/MDAnalysisTests/utils/test_persistence.py,18bbfd3df05f61c6c37a6f0412b4b9bf671c83c8,-0.4453568672839506,0.36737782792865,4.666666666666667,1,11,14,0,2,47,2,0,0.7300629927853554,0,1
testsuite/MDAnalysisTests/utils/test_selections.py,18bbfd3df05f61c6c37a6f0412b4b9bf671c83c8,-0.4453568672839506,0.333993116358697,4.666666666666667,1,14,7,0,2,47,2,0,0.7300629927853554,0,1
testsuite/MDAnalysisTests/utils/test_transformations.py,18bbfd3df05f61c6c37a6f0412b4b9bf671c83c8,-0.4453568672839506,0.23743137792807323,4.666666666666667,1,11,1,0,2,47,2,0,0.7300629927853554,0,1
testsuite/MDAnalysisTests/utils/test_units.py,18bbfd3df05f61c6c37a6f0412b4b9bf671c83c8,-0.4453568672839506,0.36737782792865,4.666666666666667,1,10,15,0,2,47,2,0,0.7300629927853554,0,1
testsuite/MDAnalysisTests/utils/test_distances.py,647698732ee364ae1511ed2b525abcf2c8011371,0.1709683641975309,0.516785387181948,5823.333333333333,0,350,426,67,3,47,3,1,-0.41902055987331027,0,0
testsuite/MDAnalysisTests/utils/test_transformations.py,647698732ee364ae1511ed2b525abcf2c8011371,0.1709683641975309,0.5010312279823461,5823.333333333333,0,351,497,10,3,47,3,1,-0.41902055987331027,0,0
testsuite/MDAnalysisTests/utils/test_units.py,647698732ee364ae1511ed2b525abcf2c8011371,0.1709683641975309,0.20717284156518667,5823.333333333333,0,49,31,-5,3,47,3,1,-0.41902055987331027,0,0
package/MDAnalysis/coordinates/TRZ.py,3f5874047398087c2189ae44410c69b8885e7318,11.534583333333334,0.0,7.0,1,94,91,613,2,46,1,55,2.2415189779584366,0,1
testsuite/MDAnalysisTests/utils/test_deprecated.py,fe0b8867ba391f9fa79126e927b2804ebb53c61f,6.71693287037037,0.0,909.0,1,0,10,11,2,46,2,2,10.12598023477796,0,1
testsuite/MDAnalysisTests/coordinates/base.py,01bd06604a4236a60aecfa63bf71df1cf23c050f,7.499661306042882,0.08539062762751139,94.21052631578948,0,2,1,1098,2,46,2,40,1.0774279700377332,0,0
testsuite/MDAnalysisTests/coordinates/test_crd.py,01bd06604a4236a60aecfa63bf71df1cf23c050f,7.499661306042882,0.08539062762751139,94.21052631578948,0,2,1,123,2,46,2,5,1.0774279700377332,0,0
testsuite/MDAnalysisTests/coordinates/test_dcd.py,01bd06604a4236a60aecfa63bf71df1cf23c050f,7.499661306042882,0.19043611096322355,94.21052631578948,0,6,3,626,2,46,2,31,1.0774279700377332,0,0
testsuite/MDAnalysisTests/coordinates/test_dlpoly.py,01bd06604a4236a60aecfa63bf71df1cf23c050f,7.499661306042882,0.3591814565287736,94.21052631578948,0,21,4,22,2,46,2,6,1.0774279700377332,0,0
testsuite/MDAnalysisTests/coordinates/test_gms.py,01bd06604a4236a60aecfa63bf71df1cf23c050f,7.499661306042882,0.17554105926062596,94.21052631578948,0,6,2,111,2,46,2,7,1.0774279700377332,0,0
testsuite/MDAnalysisTests/coordinates/test_gro.py,01bd06604a4236a60aecfa63bf71df1cf23c050f,7.499661306042882,0.2664511960946517,94.21052631578948,0,13,2,476,2,46,2,31,1.0774279700377332,0,0
testsuite/MDAnalysisTests/coordinates/test_lammps.py,01bd06604a4236a60aecfa63bf71df1cf23c050f,7.499661306042882,0.3741010171317387,94.21052631578948,0,18,9,418,2,46,2,21,1.0774279700377332,0,0
testsuite/MDAnalysisTests/coordinates/test_mmtf.py,01bd06604a4236a60aecfa63bf71df1cf23c050f,7.499661306042882,0.1431314856697693,94.21052631578948,0,3,3,88,2,46,2,4,1.0774279700377332,0,0
testsuite/MDAnalysisTests/coordinates/test_netcdf.py,01bd06604a4236a60aecfa63bf71df1cf23c050f,7.499661306042882,0.2664511960946517,94.21052631578948,0,10,5,474,2,46,2,21,1.0774279700377332,0,0
testsuite/MDAnalysisTests/coordinates/test_null.py,01bd06604a4236a60aecfa63bf71df1cf23c050f,7.499661306042882,0.10620370935381529,94.21052631578948,0,2,2,39,2,46,2,4,1.0774279700377332,0,0
testsuite/MDAnalysisTests/coordinates/test_pdb.py,01bd06604a4236a60aecfa63bf71df1cf23c050f,7.499661306042882,0.21807979609160832,94.21052631578948,0,8,3,941,2,46,2,45,1.0774279700377332,0,0
testsuite/MDAnalysisTests/coordinates/test_pdbqt.py,01bd06604a4236a60aecfa63bf71df1cf23c050f,7.499661306042882,0.1431314856697693,94.21052631578948,0,3,3,70,2,46,2,10,1.0774279700377332,0,0
testsuite/MDAnalysisTests/coordinates/test_pqr.py,01bd06604a4236a60aecfa63bf71df1cf23c050f,7.499661306042882,0.15981278420602824,94.21052631578948,0,4,3,201,2,46,2,14,1.0774279700377332,0,0
testsuite/MDAnalysisTests/coordinates/test_reader_api.py,01bd06604a4236a60aecfa63bf71df1cf23c050f,7.499661306042882,0.1431314856697693,94.21052631578948,0,5,1,10,2,46,2,13,1.0774279700377332,0,0
testsuite/MDAnalysisTests/coordinates/test_timestep_api.py,01bd06604a4236a60aecfa63bf71df1cf23c050f,7.499661306042882,0.4299472088298526,94.21052631578948,0,34,2,215,2,46,2,10,1.0774279700377332,0,0
testsuite/MDAnalysisTests/coordinates/test_trj.py,01bd06604a4236a60aecfa63bf71df1cf23c050f,7.499661306042882,0.17554105926062596,94.21052631578948,0,6,2,151,2,46,2,12,1.0774279700377332,0,0
testsuite/MDAnalysisTests/coordinates/test_trz.py,01bd06604a4236a60aecfa63bf71df1cf23c050f,7.499661306042882,0.0623184445386588,94.21052631578948,0,1,1,278,2,46,2,17,1.0774279700377332,0,0
testsuite/MDAnalysisTests/coordinates/test_xdr.py,01bd06604a4236a60aecfa63bf71df1cf23c050f,7.499661306042882,0.33477710370395397,94.21052631578948,0,22,0,884,2,46,2,46,1.0774279700377332,0,0
testsuite/MDAnalysisTests/coordinates/test_xyz.py,01bd06604a4236a60aecfa63bf71df1cf23c050f,7.499661306042882,0.10620370935381529,94.21052631578948,0,2,2,169,2,46,2,16,1.0774279700377332,0,0
testsuite/MDAnalysisTests/formats/test_libdcd.py,8ed06ce6929a75196f2dc03c23687ec40d74668c,8.95,0.0,1949.0,0,407,590,705,1,47,1,35,1.111731843575419,0,1
testsuite/MDAnalysisTests/formats/test_libdcd.py,8ed06ce6929a75196f2dc03c23687ec40d74668c,8.95,0.0,1949.0,0,407,590,705,1,47,1,35,1.111731843575419,0,0
package/MDAnalysis/lib/util.py,e9a32c50d5ae2a8e9ab7d06bb3cd203b51667bd0,7.849439814814815,0.2922934757637288,460.5,1,9,0,1601,3,46,2,55,1.0365803313559823,0,1
package/MDAnalysis/topology/GROParser.py,e9a32c50d5ae2a8e9ab7d06bb3cd203b51667bd0,7.849439814814815,0.171691247216343,460.5,1,2,2,53,3,46,2,46,1.0365803313559823,0,1
package/MDAnalysis/topology/PDBParser.py,e9a32c50d5ae2a8e9ab7d06bb3cd203b51667bd0,7.849439814814815,0.10370276646531436,460.5,1,1,1,318,3,46,2,42,1.0365803313559823,0,1
package/MDAnalysis/topology/TOPParser.py,e9a32c50d5ae2a8e9ab7d06bb3cd203b51667bd0,7.849439814814815,0.5163871205878868,460.5,1,17,15,92,3,46,2,34,1.0365803313559823,0,1
testsuite/MDAnalysisTests/core/test_atomgroup.py,e9a32c50d5ae2a8e9ab7d06bb3cd203b51667bd0,7.849439814814815,0.4611992203147031,460.5,1,22,0,1290,3,46,2,27,1.0365803313559823,0,1
testsuite/MDAnalysisTests/core/test_residuegroup.py,e9a32c50d5ae2a8e9ab7d06bb3cd203b51667bd0,7.849439814814815,0.10370276646531436,460.5,1,2,0,267,3,46,2,5,1.0365803313559823,0,1
testsuite/MDAnalysisTests/core/test_topology.py,e9a32c50d5ae2a8e9ab7d06bb3cd203b51667bd0,7.849439814814815,0.2719539230041146,460.5,1,4,4,708,3,46,2,19,1.0365803313559823,0,1
testsuite/MDAnalysisTests/core/test_topologyattrs.py,e9a32c50d5ae2a8e9ab7d06bb3cd203b51667bd0,7.849439814814815,0.25,460.5,1,6,1,288,3,46,2,17,1.0365803313559823,0,1
testsuite/MDAnalysisTests/core/test_topologyobjects.py,e9a32c50d5ae2a8e9ab7d06bb3cd203b51667bd0,7.849439814814815,0.3111988238544859,460.5,1,8,2,285,3,46,2,9,1.0365803313559823,0,1
testsuite/MDAnalysisTests/core/test_universe.py,e9a32c50d5ae2a8e9ab7d06bb3cd203b51667bd0,7.849439814814815,0.4010507031510864,460.5,1,16,0,573,3,46,2,19,1.0365803313559823,0,1
package/setup.py,36105ae6d2255ef63814cd87317907071b9e6a80,64.39837731481481,0.29874687506009634,2349.0,1,1,0,401,4,47,2,148,1.2202500095134714,0,0
testsuite/MDAnalysisTests/coordinates/base.py,36105ae6d2255ef63814cd87317907071b9e6a80,64.39837731481481,0.29874687506009634,2349.0,1,0,1,1100,4,47,2,43,1.2202500095134714,0,0
testsuite/MDAnalysisTests/datafiles.py,36105ae6d2255ef63814cd87317907071b9e6a80,64.39837731481481,0.430827083453526,2349.0,1,0,2,363,4,47,2,123,1.2202500095134714,0,0
testsuite/MDAnalysisTests/util.py,36105ae6d2255ef63814cd87317907071b9e6a80,64.39837731481481,0.5,2349.0,1,1,5,202,4,47,2,9,1.2202500095134714,0,0
testsuite/setup.py,36105ae6d2255ef63814cd87317907071b9e6a80,64.39837731481481,0.430827083453526,2349.0,1,1,1,233,4,47,2,113,1.2202500095134714,0,0
package/MDAnalysis/coordinates/DCD.py,49f3e54880e0e7335016d49475160bb76ef44ac6,9.681585648148149,0.0,1961.0,1,4,2,71,1,47,1,90,1.103288865723279,0,1
package/MDAnalysis/coordinates/DCD.py,7420bd3fbca659dee66a376140c8a033a8c55b12,0.26958333333333334,0.430827083453526,2949.0,0,2,2,73,3,47,2,91,10.906156269414712,0,0
testsuite/MDAnalysisTests/formats/test_libdcd.py,7420bd3fbca659dee66a376140c8a033a8c55b12,0.26958333333333334,0.21919533819482817,2949.0,0,10,10,522,3,47,2,36,10.906156269414712,0,0
package/MDAnalysis/coordinates/DCD.py,134199ec35db67126f4184dbfbaa1226db6df99c,0.028570601851851854,0.5287712379549449,1968.5,1,3,1,73,2,47,2,92,114.85974224129136,0,1
testsuite/MDAnalysisTests/coordinates/test_dcd.py,134199ec35db67126f4184dbfbaa1226db6df99c,0.028570601851851854,0.44217935649972373,1968.5,1,3,3,316,2,47,2,46,114.85974224129136,0,1
package/MDAnalysis/coordinates/DCD.py,366290ee18d7847c494dc7cc073cb67849180535,0.13775462962962962,0.0,1971.0,0,0,4,75,1,47,1,93,8.259284153923712,0,0
testsuite/MDAnalysisTests/coordinates/test_dcd.py,ceb7313d516682d8e84911fedc5daa9f2755503a,0.6532118055555556,0.23166250008012848,1977.5,0,1,5,369,2,47,1,48,2.2344760614784644,0,1
testsuite/MDAnalysisTests/formats/test_libdcd.py,ceb7313d516682d8e84911fedc5daa9f2755503a,0.6532118055555556,0.07788092907019672,1977.5,0,50,52,522,2,47,1,37,2.2344760614784644,0,1
