File,Hash,AltAvgLineBlank,AltAvgLineCode,AltAvgLineComment,AltCountLineBlank,AltCountLineCode,AltCountLineComment,AvgCyclomatic,AvgCyclomaticModified,AvgCyclomaticStrict,AvgEssential,AvgLine,AvgLineBlank,AvgLineCode,AvgLineComment,CountDeclClass,CountDeclFunction,CountLine,CountLineBlank,CountLineCode,CountLineCodeDecl,CountLineCodeExe,CountLineComment,CountLineInactive,CountLinePreprocessor,CountSemicolon,CountStmt,CountStmtDecl,CountStmtEmpty,CountStmtExe,MaxCyclomatic,MaxCyclomaticModified,MaxCyclomaticStrict,MaxEssential,MaxNesting,RatioCommentToCode,SumCyclomatic,SumCyclomaticModified,SumCyclomaticStrict,SumEssential,fastread_buggy
lib/atc/FE_Element.cpp,1f6484a,1.0,15.0,3.0,75.0,548.0,130.0,2.0,2.0,3.0,1.0,19.0,1.0,15.0,3.0,0.0,35.0,747.0,75.0,540.0,179.0,301.0,130.0,0.0,8.0,389.0,481.0,110.0,0.0,371.0,13.0,13.0,15.0,5.0,3.0,0.24,87.0,87.0,94.0,50.0,1.0
lib/atc/FE_Mesh.cpp,1f6484a,2.0,24.0,4.0,254.0,2237.0,576.0,5.0,5.0,6.0,1.0,29.0,2.0,24.0,4.0,0.0,94.0,3045.0,254.0,2225.0,749.0,1384.0,576.0,0.0,12.0,1457.0,1966.0,625.0,0.0,1341.0,34.0,34.0,54.0,10.0,6.0,0.26,505.0,505.0,596.0,148.0,1.0
lib/atc/FE_Element.cpp,68c5f66,1.0,15.0,3.0,75.0,530.0,128.0,2.0,2.0,3.0,1.0,18.0,1.0,15.0,3.0,0.0,35.0,727.0,75.0,522.0,172.0,284.0,128.0,0.0,8.0,373.0,463.0,103.0,0.0,360.0,13.0,13.0,15.0,5.0,3.0,0.25,85.0,85.0,92.0,50.0,0.0
lib/atc/FE_Mesh.cpp,68c5f66,2.0,23.0,4.0,253.0,2231.0,576.0,5.0,5.0,6.0,1.0,29.0,2.0,23.0,4.0,0.0,94.0,3038.0,253.0,2219.0,748.0,1379.0,576.0,0.0,12.0,1453.0,1960.0,624.0,0.0,1336.0,34.0,34.0,54.0,10.0,6.0,0.26,503.0,503.0,594.0,148.0,0.0
